GEOID,Geographic Area Name,Race/Ethnic Group,Population Groups,Estimate!!Total,Margin of Error!!Total,Unnamed: 6
48201,"Harris County, Texas",1,Total population,4697957,*****,
48201100001,Census Tract 1000.01; Harris County; Texas,1,Total population,4999,538,
48201210400,Census Tract 2104; Harris County; Texas,1,Total population,4411,615,
48201210500,Census Tract 2105; Harris County; Texas,1,Total population,5013,629,
48201210600,Census Tract 2106; Harris County; Texas,1,Total population,5645,1468,
48201210700,Census Tract 2107; Harris County; Texas,1,Total population,2537,398,
48201210800,Census Tract 2108; Harris County; Texas,1,Total population,2223,402,
48201210900,Census Tract 2109; Harris County; Texas,1,Total population,1462,403,
48201211000,Census Tract 2110; Harris County; Texas,1,Total population,2112,417,
48201211101,Census Tract 2111.01; Harris County; Texas,1,Total population,3217,1356,
48201211102,Census Tract 2111.02; Harris County; Texas,1,Total population,2215,746,
48201211200,Census Tract 2112; Harris County; Texas,1,Total population,2213,442,
48201211301,Census Tract 2113.01; Harris County; Texas,1,Total population,2419,684,
48201211302,Census Tract 2113.02; Harris County; Texas,1,Total population,2722,535,
48201211400,Census Tract 2114; Harris County; Texas,1,Total population,3819,577,
48201211501,Census Tract 2115.01; Harris County; Texas,1,Total population,2864,637,
48201211502,Census Tract 2115.02; Harris County; Texas,1,Total population,3375,912,
48201211600,Census Tract 2116; Harris County; Texas,1,Total population,3235,436,
48201211700,Census Tract 2117; Harris County; Texas,1,Total population,3846,702,
48201211900,Census Tract 2119; Harris County; Texas,1,Total population,5528,1082,
48201212300,Census Tract 2123; Harris County; Texas,1,Total population,4348,722,
48201212400,Census Tract 2124; Harris County; Texas,1,Total population,3106,473,
48201212500,Census Tract 2125; Harris County; Texas,1,Total population,3874,849,
48201220100,Census Tract 2201; Harris County; Texas,1,Total population,1717,224,
48201220200,Census Tract 2202; Harris County; Texas,1,Total population,2236,323,
48201220300,Census Tract 2203; Harris County; Texas,1,Total population,4303,682,
48201220400,Census Tract 2204; Harris County; Texas,1,Total population,4700,1067,
48201220500,Census Tract 2205; Harris County; Texas,1,Total population,2909,652,
48201220600,Census Tract 2206; Harris County; Texas,1,Total population,3766,645,
48201220701,Census Tract 2207.01; Harris County; Texas,1,Total population,2767,409,
48201220702,Census Tract 2207.02; Harris County; Texas,1,Total population,3369,903,
48201220800,Census Tract 2208; Harris County; Texas,1,Total population,3707,910,
48201220900,Census Tract 2209; Harris County; Texas,1,Total population,1717,490,
48201221000,Census Tract 2210; Harris County; Texas,1,Total population,3914,508,
48201221100,Census Tract 2211; Harris County; Texas,1,Total population,3959,678,
48201221200,Census Tract 2212; Harris County; Texas,1,Total population,5806,1257,
48201221301,Census Tract 2213.01; Harris County; Texas,1,Total population,4458,1312,
48201221302,Census Tract 2213.02; Harris County; Texas,1,Total population,3970,704,
48201221400,Census Tract 2214; Harris County; Texas,1,Total population,6055,980,
48201221501,Census Tract 2215.01; Harris County; Texas,1,Total population,5607,1179,
48201221502,Census Tract 2215.02; Harris County; Texas,1,Total population,2931,788,
48201221601,Census Tract 2216.01; Harris County; Texas,1,Total population,3461,1555,
48201221602,Census Tract 2216.02; Harris County; Texas,1,Total population,5577,955,
48201221701,Census Tract 2217.01; Harris County; Texas,1,Total population,5322,1608,
48201221800,Census Tract 2218; Harris County; Texas,1,Total population,4044,831,
48201221900,Census Tract 2219; Harris County; Texas,1,Total population,5343,1018,
48201222000,Census Tract 2220; Harris County; Texas,1,Total population,2073,428,
48201222100,Census Tract 2221; Harris County; Texas,1,Total population,5210,737,
48201222200,Census Tract 2222; Harris County; Texas,1,Total population,3077,619,
48201222300,Census Tract 2223; Harris County; Texas,1,Total population,4909,546,
48201222401,Census Tract 2224.01; Harris County; Texas,1,Total population,2751,673,
48201222402,Census Tract 2224.02; Harris County; Texas,1,Total population,6912,1893,
48201222501,Census Tract 2225.01; Harris County; Texas,1,Total population,3288,400,
48201222502,Census Tract 2225.02; Harris County; Texas,1,Total population,3892,662,
48201222504,Census Tract 2225.04; Harris County; Texas,1,Total population,3816,720,
48201222505,Census Tract 2225.05; Harris County; Texas,1,Total population,3368,881,
48201222601,Census Tract 2226.01; Harris County; Texas,1,Total population,2229,461,
48201222602,Census Tract 2226.02; Harris County; Texas,1,Total population,2499,436,
48201222701,Census Tract 2227.01; Harris County; Texas,1,Total population,2372,611,
48201222702,Census Tract 2227.02; Harris County; Texas,1,Total population,3842,796,
48201222800,Census Tract 2228; Harris County; Texas,1,Total population,4315,1067,
48201222900,Census Tract 2229; Harris County; Texas,1,Total population,7816,1353,
48201223001,Census Tract 2230.01; Harris County; Texas,1,Total population,4178,741,
48201223002,Census Tract 2230.02; Harris County; Texas,1,Total population,2808,447,
48201223100,Census Tract 2231; Harris County; Texas,1,Total population,2409,408,
48201230100,Census Tract 2301; Harris County; Texas,1,Total population,1470,379,
48201230200,Census Tract 2302; Harris County; Texas,1,Total population,5367,766,
48201230300,Census Tract 2303; Harris County; Texas,1,Total population,2334,367,
48201230400,Census Tract 2304; Harris County; Texas,1,Total population,3761,1174,
48201230500,Census Tract 2305; Harris County; Texas,1,Total population,4108,1004,
48201230600,Census Tract 2306; Harris County; Texas,1,Total population,2890,586,
48201230700,Census Tract 2307; Harris County; Texas,1,Total population,2865,517,
48201230800,Census Tract 2308; Harris County; Texas,1,Total population,2384,332,
48201230900,Census Tract 2309; Harris County; Texas,1,Total population,4194,674,
48201231000,Census Tract 2310; Harris County; Texas,1,Total population,5839,1216,
48201231100,Census Tract 2311; Harris County; Texas,1,Total population,5204,745,
48201231200,Census Tract 2312; Harris County; Texas,1,Total population,6194,1454,
48201231300,Census Tract 2313; Harris County; Texas,1,Total population,4744,739,
48201231400,Census Tract 2314; Harris County; Texas,1,Total population,3218,393,
48201231500,Census Tract 2315; Harris County; Texas,1,Total population,2947,624,
48201231600,Census Tract 2316; Harris County; Texas,1,Total population,3876,669,
48201231700,Census Tract 2317; Harris County; Texas,1,Total population,4286,732,
48201231800,Census Tract 2318; Harris County; Texas,1,Total population,3131,456,
48201231900,Census Tract 2319; Harris County; Texas,1,Total population,6419,2026,
48201232000,Census Tract 2320; Harris County; Texas,1,Total population,4556,857,
48201232100,Census Tract 2321; Harris County; Texas,1,Total population,3694,630,
48201232201,Census Tract 2322.01; Harris County; Texas,1,Total population,7457,2342,
48201232202,Census Tract 2322.02; Harris County; Texas,1,Total population,5298,1052,
48201232203,Census Tract 2322.03; Harris County; Texas,1,Total population,6455,1043,
48201232303,Census Tract 2323.03; Harris County; Texas,1,Total population,6193,1238,
48201232304,Census Tract 2323.04; Harris County; Texas,1,Total population,7301,823,
48201232305,Census Tract 2323.05; Harris County; Texas,1,Total population,10421,1825,
48201232306,Census Tract 2323.06; Harris County; Texas,1,Total population,3167,1374,
48201232402,Census Tract 2324.02; Harris County; Texas,1,Total population,4641,1328,
48201232403,Census Tract 2324.03; Harris County; Texas,1,Total population,4150,512,
48201232404,Census Tract 2324.04; Harris County; Texas,1,Total population,3173,541,
48201232405,Census Tract 2324.05; Harris County; Texas,1,Total population,5566,910,
48201232500,Census Tract 2325; Harris County; Texas,1,Total population,4413,942,
48201232600,Census Tract 2326; Harris County; Texas,1,Total population,2897,430,
48201232701,Census Tract 2327.01; Harris County; Texas,1,Total population,7730,920,
48201232703,Census Tract 2327.03; Harris County; Texas,1,Total population,2653,702,
48201232704,Census Tract 2327.04; Harris County; Texas,1,Total population,2264,538,
48201232801,Census Tract 2328.01; Harris County; Texas,1,Total population,2473,345,
48201232802,Census Tract 2328.02; Harris County; Texas,1,Total population,3028,571,
48201232901,Census Tract 2329.01; Harris County; Texas,1,Total population,4655,1606,
48201232902,Census Tract 2329.02; Harris County; Texas,1,Total population,4104,927,
48201233001,Census Tract 2330.01; Harris County; Texas,1,Total population,3612,442,
48201233002,Census Tract 2330.02; Harris County; Texas,1,Total population,4906,773,
48201233003,Census Tract 2330.03; Harris County; Texas,1,Total population,2796,407,
48201233101,Census Tract 2331.01; Harris County; Texas,1,Total population,4349,476,
48201233103,Census Tract 2331.03; Harris County; Texas,1,Total population,5268,888,
48201233104,Census Tract 2331.04; Harris County; Texas,1,Total population,2951,618,
48201233105,Census Tract 2331.05; Harris County; Texas,1,Total population,4610,1189,
48201233200,Census Tract 2332; Harris County; Texas,1,Total population,7122,900,
48201233300,Census Tract 2333; Harris County; Texas,1,Total population,4481,1035,
48201233400,Census Tract 2334; Harris County; Texas,1,Total population,2493,380,
48201233501,Census Tract 2335.01; Harris County; Texas,1,Total population,4138,587,
48201233502,Census Tract 2335.02; Harris County; Texas,1,Total population,3103,500,
48201233600,Census Tract 2336; Harris County; Texas,1,Total population,1799,454,
48201233701,Census Tract 2337.01; Harris County; Texas,1,Total population,4851,597,
48201233702,Census Tract 2337.02; Harris County; Texas,1,Total population,3029,530,
48201233703,Census Tract 2337.03; Harris County; Texas,1,Total population,2766,508,
48201240101,Census Tract 2401.01; Harris County; Texas,1,Total population,2026,572,
48201240102,Census Tract 2401.02; Harris County; Texas,1,Total population,1854,534,
48201240400,Census Tract 2404; Harris County; Texas,1,Total population,8215,1450,
48201240503,Census Tract 2405.03; Harris County; Texas,1,Total population,3086,1056,
48201240504,Census Tract 2405.04; Harris County; Texas,1,Total population,4032,967,
48201240505,Census Tract 2405.05; Harris County; Texas,1,Total population,1418,344,
48201240506,Census Tract 2405.06; Harris County; Texas,1,Total population,5997,858,
48201240600,Census Tract 2406; Harris County; Texas,1,Total population,3351,1232,
48201240703,Census Tract 2407.03; Harris County; Texas,1,Total population,5415,1063,
48201240704,Census Tract 2407.04; Harris County; Texas,1,Total population,3497,810,
48201240705,Census Tract 2407.05; Harris County; Texas,1,Total population,4222,798,
48201240706,Census Tract 2407.06; Harris County; Texas,1,Total population,9241,1587,
48201240707,Census Tract 2407.07; Harris County; Texas,1,Total population,5381,997,
48201240802,Census Tract 2408.02; Harris County; Texas,1,Total population,8405,1341,
48201240803,Census Tract 2408.03; Harris County; Texas,1,Total population,2695,410,
48201240804,Census Tract 2408.04; Harris County; Texas,1,Total population,2494,613,
48201240903,Census Tract 2409.03; Harris County; Texas,1,Total population,6551,1211,
48201240904,Census Tract 2409.04; Harris County; Texas,1,Total population,9748,1314,
48201240905,Census Tract 2409.05; Harris County; Texas,1,Total population,5377,1642,
48201240906,Census Tract 2409.06; Harris County; Texas,1,Total population,7231,939,
48201241001,Census Tract 2410.01; Harris County; Texas,1,Total population,3789,580,
48201241002,Census Tract 2410.02; Harris County; Texas,1,Total population,5445,1209,
48201241101,Census Tract 2411.01; Harris County; Texas,1,Total population,5357,666,
48201241103,Census Tract 2411.03; Harris County; Texas,1,Total population,3758,637,
48201241104,Census Tract 2411.04; Harris County; Texas,1,Total population,8835,2135,
48201241105,Census Tract 2411.05; Harris County; Texas,1,Total population,6070,1665,
48201241201,Census Tract 2412.01; Harris County; Texas,1,Total population,2364,591,
48201241202,Census Tract 2412.02; Harris County; Texas,1,Total population,4861,656,
48201241301,Census Tract 2413.01; Harris County; Texas,1,Total population,4381,514,
48201241302,Census Tract 2413.02; Harris County; Texas,1,Total population,8035,2607,
48201241400,Census Tract 2414; Harris County; Texas,1,Total population,10401,1134,
48201241501,Census Tract 2415.01; Harris County; Texas,1,Total population,3935,922,
48201241502,Census Tract 2415.02; Harris County; Texas,1,Total population,2238,740,
48201241503,Census Tract 2415.03; Harris County; Texas,1,Total population,2249,897,
48201250101,Census Tract 2501.01; Harris County; Texas,1,Total population,4257,1013,
48201250102,Census Tract 2501.02; Harris County; Texas,1,Total population,5634,813,
48201250201,Census Tract 2502.01; Harris County; Texas,1,Total population,8243,1650,
48201250202,Census Tract 2502.02; Harris County; Texas,1,Total population,2354,972,
48201250303,Census Tract 2503.03; Harris County; Texas,1,Total population,3603,646,
48201250304,Census Tract 2503.04; Harris County; Texas,1,Total population,8722,1515,
48201250305,Census Tract 2503.05; Harris County; Texas,1,Total population,5765,851,
48201250306,Census Tract 2503.06; Harris County; Texas,1,Total population,3536,719,
48201250403,Census Tract 2504.03; Harris County; Texas,1,Total population,2589,528,
48201250404,Census Tract 2504.04; Harris County; Texas,1,Total population,5523,824,
48201250405,Census Tract 2504.05; Harris County; Texas,1,Total population,9670,2808,
48201250406,Census Tract 2504.06; Harris County; Texas,1,Total population,4835,532,
48201250407,Census Tract 2504.07; Harris County; Texas,1,Total population,9974,1029,
48201250408,Census Tract 2504.08; Harris County; Texas,1,Total population,7061,971,
48201250500,Census Tract 2505; Harris County; Texas,1,Total population,6266,590,
48201250601,Census Tract 2506.01; Harris County; Texas,1,Total population,3055,598,
48201250602,Census Tract 2506.02; Harris County; Texas,1,Total population,5357,1024,
48201250701,Census Tract 2507.01; Harris County; Texas,1,Total population,6467,1542,
48201250702,Census Tract 2507.02; Harris County; Texas,1,Total population,4264,314,
48201250801,Census Tract 2508.01; Harris County; Texas,1,Total population,3482,410,
48201250802,Census Tract 2508.02; Harris County; Texas,1,Total population,4770,835,
48201250901,Census Tract 2509.01; Harris County; Texas,1,Total population,3432,1154,
48201250902,Census Tract 2509.02; Harris County; Texas,1,Total population,5990,753,
48201251000,Census Tract 2510; Harris County; Texas,1,Total population,2747,462,
48201251100,Census Tract 2511; Harris County; Texas,1,Total population,6983,1295,
48201251200,Census Tract 2512; Harris County; Texas,1,Total population,6260,1193,
48201251300,Census Tract 2513; Harris County; Texas,1,Total population,6619,508,
48201251401,Census Tract 2514.01; Harris County; Texas,1,Total population,3051,421,
48201251402,Census Tract 2514.02; Harris County; Texas,1,Total population,6581,1667,
48201251501,Census Tract 2515.01; Harris County; Texas,1,Total population,5734,587,
48201251503,Census Tract 2515.03; Harris County; Texas,1,Total population,2804,758,
48201251504,Census Tract 2515.04; Harris County; Texas,1,Total population,5254,955,
48201251505,Census Tract 2515.05; Harris County; Texas,1,Total population,3944,601,
48201251600,Census Tract 2516; Harris County; Texas,1,Total population,7408,1871,
48201251701,Census Tract 2517.01; Harris County; Texas,1,Total population,3625,633,
48201251702,Census Tract 2517.02; Harris County; Texas,1,Total population,3612,576,
48201251800,Census Tract 2518; Harris County; Texas,1,Total population,1724,341,
48201251902,Census Tract 2519.02; Harris County; Texas,1,Total population,6969,824,
48201251903,Census Tract 2519.03; Harris County; Texas,1,Total population,4201,823,
48201251904,Census Tract 2519.04; Harris County; Texas,1,Total population,7235,1443,
48201252001,Census Tract 2520.01; Harris County; Texas,1,Total population,7486,2156,
48201252002,Census Tract 2520.02; Harris County; Texas,1,Total population,5796,1241,
48201252003,Census Tract 2520.03; Harris County; Texas,1,Total population,10314,1481,
48201252100,Census Tract 2521; Harris County; Texas,1,Total population,3075,714,
48201252201,Census Tract 2522.01; Harris County; Texas,1,Total population,4878,763,
48201252202,Census Tract 2522.02; Harris County; Texas,1,Total population,6856,1376,
48201252303,Census Tract 2523.03; Harris County; Texas,1,Total population,4893,1230,
48201252304,Census Tract 2523.04; Harris County; Texas,1,Total population,3955,1597,
48201252305,Census Tract 2523.05; Harris County; Texas,1,Total population,6820,813,
48201252306,Census Tract 2523.06; Harris County; Texas,1,Total population,9158,3062,
48201252400,Census Tract 2524; Harris County; Texas,1,Total population,5897,1215,
48201252500,Census Tract 2525; Harris County; Texas,1,Total population,4849,1078,
48201252601,Census Tract 2526.01; Harris County; Texas,1,Total population,3992,770,
48201252602,Census Tract 2526.02; Harris County; Texas,1,Total population,3882,1080,
48201252700,Census Tract 2527; Harris County; Texas,1,Total population,3863,506,
48201252800,Census Tract 2528; Harris County; Texas,1,Total population,6028,954,
48201252901,Census Tract 2529.01; Harris County; Texas,1,Total population,2286,322,
48201252902,Census Tract 2529.02; Harris County; Texas,1,Total population,6615,1274,
48201253000,Census Tract 2530; Harris County; Texas,1,Total population,4794,792,
48201253101,Census Tract 2531.01; Harris County; Texas,1,Total population,5673,928,
48201253102,Census Tract 2531.02; Harris County; Texas,1,Total population,6080,1046,
48201253201,Census Tract 2532.01; Harris County; Texas,1,Total population,5801,618,
48201253202,Census Tract 2532.02; Harris County; Texas,1,Total population,4093,981,
48201253300,Census Tract 2533; Harris County; Texas,1,Total population,3616,581,
48201253501,Census Tract 2535.01; Harris County; Texas,1,Total population,8164,2073,
48201253502,Census Tract 2535.02; Harris County; Texas,1,Total population,4821,1353,
48201253601,Census Tract 2536.01; Harris County; Texas,1,Total population,3631,882,
48201253602,Census Tract 2536.02; Harris County; Texas,1,Total population,4062,1048,
48201253700,Census Tract 2537; Harris County; Texas,1,Total population,5955,982,
48201253800,Census Tract 2538; Harris County; Texas,1,Total population,8752,1217,
48201253900,Census Tract 2539; Harris County; Texas,1,Total population,3838,781,
48201254000,Census Tract 2540; Harris County; Texas,1,Total population,3394,522,
48201254100,Census Tract 2541; Harris County; Texas,1,Total population,5335,806,
48201254200,Census Tract 2542; Harris County; Texas,1,Total population,2769,359,
48201254300,Census Tract 2543; Harris County; Texas,1,Total population,5429,872,
48201254400,Census Tract 2544; Harris County; Texas,1,Total population,2949,502,
48201254600,Census Tract 2546; Harris County; Texas,1,Total population,3557,622,
48201254700,Census Tract 2547; Harris County; Texas,1,Total population,2195,378,
48201254800,Census Tract 2548; Harris County; Texas,1,Total population,2570,399,
48201310101,Census Tract 3101.01; Harris County; Texas,1,Total population,2724,358,
48201310102,Census Tract 3101.02; Harris County; Texas,1,Total population,2750,375,
48201310200,Census Tract 3102; Harris County; Texas,1,Total population,2046,253,
48201310300,Census Tract 3103; Harris County; Texas,1,Total population,4335,464,
48201310400,Census Tract 3104; Harris County; Texas,1,Total population,3653,654,
48201310500,Census Tract 3105; Harris County; Texas,1,Total population,3686,581,
48201310600,Census Tract 3106; Harris County; Texas,1,Total population,5028,682,
48201310700,Census Tract 3107; Harris County; Texas,1,Total population,4351,670,
48201310800,Census Tract 3108; Harris County; Texas,1,Total population,2933,398,
48201310900,Census Tract 3109; Harris County; Texas,1,Total population,5233,726,
48201311001,Census Tract 3110.01; Harris County; Texas,1,Total population,2785,580,
48201311002,Census Tract 3110.02; Harris County; Texas,1,Total population,3235,1201,
48201311100,Census Tract 3111; Harris County; Texas,1,Total population,4987,713,
48201311200,Census Tract 3112; Harris County; Texas,1,Total population,4938,1386,
48201311300,Census Tract 3113; Harris County; Texas,1,Total population,4881,838,
48201311400,Census Tract 3114; Harris County; Texas,1,Total population,1444,338,
48201311501,Census Tract 3115.01; Harris County; Texas,1,Total population,2288,597,
48201311502,Census Tract 3115.02; Harris County; Texas,1,Total population,3492,691,
48201311600,Census Tract 3116; Harris County; Texas,1,Total population,4142,1082,
48201311701,Census Tract 3117.01; Harris County; Texas,1,Total population,3857,629,
48201311702,Census Tract 3117.02; Harris County; Texas,1,Total population,2018,1166,
48201311800,Census Tract 3118; Harris County; Texas,1,Total population,4546,927,
48201311900,Census Tract 3119; Harris County; Texas,1,Total population,1968,258,
48201312000,Census Tract 3120; Harris County; Texas,1,Total population,3633,1041,
48201312200,Census Tract 3122; Harris County; Texas,1,Total population,1460,379,
48201312300,Census Tract 3123; Harris County; Texas,1,Total population,2110,430,
48201312400,Census Tract 3124; Harris County; Texas,1,Total population,2230,911,
48201312501,Census Tract 3125.01; Harris County; Texas,1,Total population,2154,314,
48201312502,Census Tract 3125.02; Harris County; Texas,1,Total population,1809,433,
48201312601,Census Tract 3126.01; Harris County; Texas,1,Total population,3646,636,
48201312602,Census Tract 3126.02; Harris County; Texas,1,Total population,1931,384,
48201312603,Census Tract 3126.03; Harris County; Texas,1,Total population,3792,1328,
48201312700,Census Tract 3127; Harris County; Texas,1,Total population,2481,441,
48201312800,Census Tract 3128; Harris County; Texas,1,Total population,2620,526,
48201312901,Census Tract 3129.01; Harris County; Texas,1,Total population,2231,522,
48201312902,Census Tract 3129.02; Harris County; Texas,1,Total population,2075,551,
48201313000,Census Tract 3130; Harris County; Texas,1,Total population,2927,727,
48201313101,Census Tract 3131.01; Harris County; Texas,1,Total population,2518,355,
48201313102,Census Tract 3131.02; Harris County; Texas,1,Total population,1554,272,
48201313201,Census Tract 3132.01; Harris County; Texas,1,Total population,1692,376,
48201313202,Census Tract 3132.02; Harris County; Texas,1,Total population,2373,587,
48201313300,Census Tract 3133; Harris County; Texas,1,Total population,2345,388,
48201313400,Census Tract 3134; Harris County; Texas,1,Total population,3515,787,
48201313500,Census Tract 3135; Harris County; Texas,1,Total population,2455,435,
48201313600,Census Tract 3136; Harris County; Texas,1,Total population,5020,1148,
48201313700,Census Tract 3137; Harris County; Texas,1,Total population,2184,450,
48201313801,Census Tract 3138.01; Harris County; Texas,1,Total population,1608,411,
48201313802,Census Tract 3138.02; Harris County; Texas,1,Total population,2523,711,
48201313901,Census Tract 3139.01; Harris County; Texas,1,Total population,3164,747,
48201313902,Census Tract 3139.02; Harris County; Texas,1,Total population,2571,555,
48201314001,Census Tract 3140.01; Harris County; Texas,1,Total population,2776,608,
48201314003,Census Tract 3140.03; Harris County; Texas,1,Total population,2277,633,
48201314005,Census Tract 3140.05; Harris County; Texas,1,Total population,2309,497,
48201314301,Census Tract 3143.01; Harris County; Texas,1,Total population,1605,344,
48201314302,Census Tract 3143.02; Harris County; Texas,1,Total population,1417,260,
48201314401,Census Tract 3144.01; Harris County; Texas,1,Total population,1554,271,
48201314402,Census Tract 3144.02; Harris County; Texas,1,Total population,2048,336,
48201320100,Census Tract 3201; Harris County; Texas,1,Total population,2607,472,
48201320201,Census Tract 3202.01; Harris County; Texas,1,Total population,2931,1951,
48201320202,Census Tract 3202.02; Harris County; Texas,1,Total population,3291,745,
48201320500,Census Tract 3205; Harris County; Texas,1,Total population,4960,841,
48201320601,Census Tract 3206.01; Harris County; Texas,1,Total population,2417,355,
48201320602,Census Tract 3206.02; Harris County; Texas,1,Total population,5305,1047,
48201320700,Census Tract 3207; Harris County; Texas,1,Total population,4378,606,
48201320800,Census Tract 3208; Harris County; Texas,1,Total population,5011,732,
48201320901,Census Tract 3209.01; Harris County; Texas,1,Total population,3853,1283,
48201320902,Census Tract 3209.02; Harris County; Texas,1,Total population,3478,933,
48201321001,Census Tract 3210.01; Harris County; Texas,1,Total population,3022,676,
48201321002,Census Tract 3210.02; Harris County; Texas,1,Total population,5409,1010,
48201321101,Census Tract 3211.01; Harris County; Texas,1,Total population,3771,423,
48201321102,Census Tract 3211.02; Harris County; Texas,1,Total population,4073,1258,
48201321200,Census Tract 3212; Harris County; Texas,1,Total population,4513,814,
48201321301,Census Tract 3213.01; Harris County; Texas,1,Total population,3906,880,
48201321302,Census Tract 3213.02; Harris County; Texas,1,Total population,2152,520,
48201321401,Census Tract 3214.01; Harris County; Texas,1,Total population,3737,538,
48201321402,Census Tract 3214.02; Harris County; Texas,1,Total population,4831,834,
48201321500,Census Tract 3215; Harris County; Texas,1,Total population,2775,451,
48201321600,Census Tract 3216; Harris County; Texas,1,Total population,6944,991,
48201321700,Census Tract 3217; Harris County; Texas,1,Total population,3375,539,
48201321800,Census Tract 3218; Harris County; Texas,1,Total population,4315,737,
48201321900,Census Tract 3219; Harris County; Texas,1,Total population,5696,1159,
48201322000,Census Tract 3220; Harris County; Texas,1,Total population,4225,680,
48201322100,Census Tract 3221; Harris County; Texas,1,Total population,4172,662,
48201322200,Census Tract 3222; Harris County; Texas,1,Total population,1698,276,
48201322600,Census Tract 3226; Harris County; Texas,1,Total population,5219,821,
48201322701,Census Tract 3227.01; Harris County; Texas,1,Total population,3177,997,
48201322702,Census Tract 3227.02; Harris County; Texas,1,Total population,4581,879,
48201322800,Census Tract 3228; Harris County; Texas,1,Total population,6936,888,
48201322900,Census Tract 3229; Harris County; Texas,1,Total population,3485,520,
48201323000,Census Tract 3230; Harris County; Texas,1,Total population,7480,1155,
48201323100,Census Tract 3231; Harris County; Texas,1,Total population,3895,588,
48201323200,Census Tract 3232; Harris County; Texas,1,Total population,5875,1004,
48201323300,Census Tract 3233; Harris County; Texas,1,Total population,3062,497,
48201323400,Census Tract 3234; Harris County; Texas,1,Total population,8377,1653,
48201323500,Census Tract 3235; Harris County; Texas,1,Total population,5703,841,
48201323601,Census Tract 3236.01; Harris County; Texas,1,Total population,3384,1030,
48201323602,Census Tract 3236.02; Harris County; Texas,1,Total population,4838,1006,
48201323701,Census Tract 3237.01; Harris County; Texas,1,Total population,4594,876,
48201323702,Census Tract 3237.02; Harris County; Texas,1,Total population,3323,668,
48201323801,Census Tract 3238.01; Harris County; Texas,1,Total population,4086,1109,
48201323802,Census Tract 3238.02; Harris County; Texas,1,Total population,5158,770,
48201323900,Census Tract 3239; Harris County; Texas,1,Total population,3512,552,
48201324000,Census Tract 3240; Harris County; Texas,1,Total population,5267,642,
48201324101,Census Tract 3241.01; Harris County; Texas,1,Total population,5380,933,
48201324200,Census Tract 3242; Harris County; Texas,1,Total population,987,288,
48201330101,Census Tract 3301.01; Harris County; Texas,1,Total population,5851,809,
48201330102,Census Tract 3301.02; Harris County; Texas,1,Total population,2848,595,
48201330200,Census Tract 3302; Harris County; Texas,1,Total population,4710,1475,
48201330301,Census Tract 3303.01; Harris County; Texas,1,Total population,9134,1282,
48201330302,Census Tract 3303.02; Harris County; Texas,1,Total population,5299,639,
48201330303,Census Tract 3303.03; Harris County; Texas,1,Total population,4459,721,
48201330400,Census Tract 3304; Harris County; Texas,1,Total population,4778,878,
48201330500,Census Tract 3305; Harris County; Texas,1,Total population,4732,881,
48201330600,Census Tract 3306; Harris County; Texas,1,Total population,7180,1066,
48201330700,Census Tract 3307; Harris County; Texas,1,Total population,10087,1314,
48201330801,Census Tract 3308.01; Harris County; Texas,1,Total population,4703,1030,
48201330802,Census Tract 3308.02; Harris County; Texas,1,Total population,9981,1399,
48201330901,Census Tract 3309.01; Harris County; Texas,1,Total population,10685,1631,
48201330902,Census Tract 3309.02; Harris County; Texas,1,Total population,3468,857,
48201331100,Census Tract 3311; Harris County; Texas,1,Total population,4242,605,
48201331200,Census Tract 3312; Harris County; Texas,1,Total population,4816,1216,
48201331300,Census Tract 3313; Harris County; Texas,1,Total population,4397,974,
48201331400,Census Tract 3314; Harris County; Texas,1,Total population,2883,1257,
48201331501,Census Tract 3315.01; Harris County; Texas,1,Total population,4218,963,
48201331502,Census Tract 3315.02; Harris County; Texas,1,Total population,4847,785,
48201331602,Census Tract 3316.02; Harris County; Texas,1,Total population,3128,711,
48201331603,Census Tract 3316.03; Harris County; Texas,1,Total population,4986,985,
48201331604,Census Tract 3316.04; Harris County; Texas,1,Total population,2432,786,
48201331700,Census Tract 3317; Harris County; Texas,1,Total population,4164,596,
48201331800,Census Tract 3318; Harris County; Texas,1,Total population,3924,775,
48201331900,Census Tract 3319; Harris County; Texas,1,Total population,3582,554,
48201332000,Census Tract 3320; Harris County; Texas,1,Total population,6323,956,
48201332100,Census Tract 3321; Harris County; Texas,1,Total population,2769,505,
48201332200,Census Tract 3322; Harris County; Texas,1,Total population,4891,830,
48201332300,Census Tract 3323; Harris County; Texas,1,Total population,3003,668,
48201332400,Census Tract 3324; Harris County; Texas,1,Total population,3976,643,
48201332500,Census Tract 3325; Harris County; Texas,1,Total population,3767,549,
48201332600,Census Tract 3326; Harris County; Texas,1,Total population,6915,1132,
48201332700,Census Tract 3327; Harris County; Texas,1,Total population,2659,384,
48201332800,Census Tract 3328; Harris County; Texas,1,Total population,4350,641,
48201332900,Census Tract 3329; Harris County; Texas,1,Total population,5232,866,
48201333000,Census Tract 3330; Harris County; Texas,1,Total population,3645,570,
48201333100,Census Tract 3331; Harris County; Texas,1,Total population,3921,532,
48201333201,Census Tract 3332.01; Harris County; Texas,1,Total population,4946,678,
48201333203,Census Tract 3332.03; Harris County; Texas,1,Total population,2506,818,
48201333205,Census Tract 3332.05; Harris County; Texas,1,Total population,1691,422,
48201333301,Census Tract 3333.01; Harris County; Texas,1,Total population,5788,1393,
48201333302,Census Tract 3333.02; Harris County; Texas,1,Total population,3589,876,
48201333501,Census Tract 3335.01; Harris County; Texas,1,Total population,3172,780,
48201333502,Census Tract 3335.02; Harris County; Texas,1,Total population,2745,430,
48201333600,Census Tract 3336; Harris County; Texas,1,Total population,3814,1096,
48201333700,Census Tract 3337; Harris County; Texas,1,Total population,3502,506,
48201333801,Census Tract 3338.01; Harris County; Texas,1,Total population,5554,1389,
48201333802,Census Tract 3338.02; Harris County; Texas,1,Total population,6154,696,
48201333903,Census Tract 3339.03; Harris County; Texas,1,Total population,3561,733,
48201333904,Census Tract 3339.04; Harris County; Texas,1,Total population,7109,2504,
48201333905,Census Tract 3339.05; Harris County; Texas,1,Total population,3565,964,
48201333906,Census Tract 3339.06; Harris County; Texas,1,Total population,6005,1103,
48201334001,Census Tract 3340.01; Harris County; Texas,1,Total population,3429,420,
48201334002,Census Tract 3340.02; Harris County; Texas,1,Total population,2322,514,
48201334003,Census Tract 3340.03; Harris County; Texas,1,Total population,5857,601,
48201334101,Census Tract 3341.01; Harris County; Texas,1,Total population,8328,1514,
48201334102,Census Tract 3341.02; Harris County; Texas,1,Total population,6503,1063,
48201340101,Census Tract 3401.01; Harris County; Texas,1,Total population,1619,379,
48201340102,Census Tract 3401.02; Harris County; Texas,1,Total population,5430,662,
48201340202,Census Tract 3402.02; Harris County; Texas,1,Total population,8092,773,
48201340203,Census Tract 3402.03; Harris County; Texas,1,Total population,4529,596,
48201340301,Census Tract 3403.01; Harris County; Texas,1,Total population,3284,258,
48201340302,Census Tract 3403.02; Harris County; Texas,1,Total population,6712,1156,
48201340400,Census Tract 3404; Harris County; Texas,1,Total population,1104,112,
48201340501,Census Tract 3405.01; Harris County; Texas,1,Total population,3852,561,
48201340502,Census Tract 3405.02; Harris County; Texas,1,Total population,2292,480,
48201340600,Census Tract 3406; Harris County; Texas,1,Total population,2590,318,
48201340701,Census Tract 3407.01; Harris County; Texas,1,Total population,4403,625,
48201340702,Census Tract 3407.02; Harris County; Texas,1,Total population,3459,873,
48201340800,Census Tract 3408; Harris County; Texas,1,Total population,5527,505,
48201340900,Census Tract 3409; Harris County; Texas,1,Total population,5089,745,
48201341001,Census Tract 3410.01; Harris County; Texas,1,Total population,4119,607,
48201341002,Census Tract 3410.02; Harris County; Texas,1,Total population,4019,865,
48201341101,Census Tract 3411.01; Harris County; Texas,1,Total population,2034,533,
48201341102,Census Tract 3411.02; Harris County; Texas,1,Total population,2426,400,
48201341201,Census Tract 3412.01; Harris County; Texas,1,Total population,4805,636,
48201341203,Census Tract 3412.03; Harris County; Texas,1,Total population,2492,488,
48201341204,Census Tract 3412.04; Harris County; Texas,1,Total population,3496,375,
48201341302,Census Tract 3413.02; Harris County; Texas,1,Total population,3057,573,
48201341303,Census Tract 3413.03; Harris County; Texas,1,Total population,2776,487,
48201341304,Census Tract 3413.04; Harris County; Texas,1,Total population,1261,263,
48201341400,Census Tract 3414; Harris County; Texas,1,Total population,5468,517,
48201341501,Census Tract 3415.01; Harris County; Texas,1,Total population,6691,706,
48201341502,Census Tract 3415.02; Harris County; Texas,1,Total population,4518,781,
48201341600,Census Tract 3416; Harris County; Texas,1,Total population,6687,890,
48201341700,Census Tract 3417; Harris County; Texas,1,Total population,2939,371,
48201341800,Census Tract 3418; Harris County; Texas,1,Total population,2496,524,
48201342001,Census Tract 3420.01; Harris County; Texas,1,Total population,6359,1128,
48201342002,Census Tract 3420.02; Harris County; Texas,1,Total population,3821,483,
48201342100,Census Tract 3421; Harris County; Texas,1,Total population,4465,631,
48201342200,Census Tract 3422; Harris County; Texas,1,Total population,3583,578,
48201342300,Census Tract 3423; Harris County; Texas,1,Total population,7903,1035,
48201342400,Census Tract 3424; Harris County; Texas,1,Total population,3236,609,
48201342500,Census Tract 3425; Harris County; Texas,1,Total population,5889,830,
48201342700,Census Tract 3427; Harris County; Texas,1,Total population,5007,861,
48201342801,Census Tract 3428.01; Harris County; Texas,1,Total population,5181,790,
48201342802,Census Tract 3428.02; Harris County; Texas,1,Total population,3052,297,
48201342900,Census Tract 3429; Harris County; Texas,1,Total population,7208,1073,
48201343000,Census Tract 3430; Harris County; Texas,1,Total population,7007,1056,
48201343100,Census Tract 3431; Harris County; Texas,1,Total population,4004,499,
48201343200,Census Tract 3432; Harris County; Texas,1,Total population,5108,604,
48201343301,Census Tract 3433.01; Harris County; Texas,1,Total population,5189,552,
48201343302,Census Tract 3433.02; Harris County; Texas,1,Total population,4902,673,
48201343602,Census Tract 3436.02; Harris County; Texas,1,Total population,3055,409,
48201343700,Census Tract 3437; Harris County; Texas,1,Total population,3608,762,
48201350101,Census Tract 3501.01; Harris County; Texas,1,Total population,5255,801,
48201350102,Census Tract 3501.02; Harris County; Texas,1,Total population,5535,963,
48201350103,Census Tract 3501.03; Harris County; Texas,1,Total population,7855,1589,
48201350104,Census Tract 3501.04; Harris County; Texas,1,Total population,4865,946,
48201350201,Census Tract 3502.01; Harris County; Texas,1,Total population,4225,919,
48201350202,Census Tract 3502.02; Harris County; Texas,1,Total population,4777,867,
48201350300,Census Tract 3503; Harris County; Texas,1,Total population,6456,1197,
48201350400,Census Tract 3504; Harris County; Texas,1,Total population,6737,1311,
48201350500,Census Tract 3505; Harris County; Texas,1,Total population,7488,1346,
48201350601,Census Tract 3506.01; Harris County; Texas,1,Total population,4488,464,
48201350603,Census Tract 3506.03; Harris County; Texas,1,Total population,5080,860,
48201350604,Census Tract 3506.04; Harris County; Texas,1,Total population,3254,777,
48201350700,Census Tract 3507; Harris County; Texas,1,Total population,2207,412,
48201350801,Census Tract 3508.01; Harris County; Texas,1,Total population,5448,813,
48201350803,Census Tract 3508.03; Harris County; Texas,1,Total population,3219,785,
48201350804,Census Tract 3508.04; Harris County; Texas,1,Total population,6294,1109,
48201410101,Census Tract 4101.01; Harris County; Texas,1,Total population,1741,393,
48201410102,Census Tract 4101.02; Harris County; Texas,1,Total population,3777,459,
48201410201,Census Tract 4102.01; Harris County; Texas,1,Total population,1823,326,
48201410202,Census Tract 4102.02; Harris County; Texas,1,Total population,3620,672,
48201410300,Census Tract 4103; Harris County; Texas,1,Total population,3249,435,
48201410401,Census Tract 4104.01; Harris County; Texas,1,Total population,4104,839,
48201410402,Census Tract 4104.02; Harris County; Texas,1,Total population,2631,278,
48201410501,Census Tract 4105.01; Harris County; Texas,1,Total population,1662,534,
48201410502,Census Tract 4105.02; Harris County; Texas,1,Total population,2999,444,
48201410601,Census Tract 4106.01; Harris County; Texas,1,Total population,3436,425,
48201410602,Census Tract 4106.02; Harris County; Texas,1,Total population,2349,359,
48201410703,Census Tract 4107.03; Harris County; Texas,1,Total population,2293,494,
48201410704,Census Tract 4107.04; Harris County; Texas,1,Total population,1920,427,
48201410705,Census Tract 4107.05; Harris County; Texas,1,Total population,1048,323,
48201410706,Census Tract 4107.06; Harris County; Texas,1,Total population,1640,221,
48201410801,Census Tract 4108.01; Harris County; Texas,1,Total population,2344,330,
48201410802,Census Tract 4108.02; Harris County; Texas,1,Total population,1541,229,
48201410900,Census Tract 4109; Harris County; Texas,1,Total population,3225,717,
48201411001,Census Tract 4110.01; Harris County; Texas,1,Total population,2077,552,
48201411002,Census Tract 4110.02; Harris County; Texas,1,Total population,2174,324,
48201411003,Census Tract 4110.03; Harris County; Texas,1,Total population,1692,397,
48201411100,Census Tract 4111; Harris County; Texas,1,Total population,3589,465,
48201411200,Census Tract 4112; Harris County; Texas,1,Total population,1841,271,
48201411301,Census Tract 4113.01; Harris County; Texas,1,Total population,2199,340,
48201411302,Census Tract 4113.02; Harris County; Texas,1,Total population,2442,425,
48201411400,Census Tract 4114; Harris County; Texas,1,Total population,2823,562,
48201411503,Census Tract 4115.03; Harris County; Texas,1,Total population,2967,497,
48201411504,Census Tract 4115.04; Harris County; Texas,1,Total population,2018,531,
48201411505,Census Tract 4115.05; Harris County; Texas,1,Total population,3211,559,
48201411506,Census Tract 4115.06; Harris County; Texas,1,Total population,2309,661,
48201411600,Census Tract 4116; Harris County; Texas,1,Total population,2803,540,
48201411700,Census Tract 4117; Harris County; Texas,1,Total population,3018,350,
48201411801,Census Tract 4118.01; Harris County; Texas,1,Total population,3653,1077,
48201411802,Census Tract 4118.02; Harris County; Texas,1,Total population,2199,351,
48201411901,Census Tract 4119.01; Harris County; Texas,1,Total population,1988,658,
48201411902,Census Tract 4119.02; Harris County; Texas,1,Total population,1807,423,
48201412000,Census Tract 4120; Harris County; Texas,1,Total population,3920,419,
48201412201,Census Tract 4122.01; Harris County; Texas,1,Total population,2434,347,
48201412202,Census Tract 4122.02; Harris County; Texas,1,Total population,3791,829,
48201412300,Census Tract 4123; Harris County; Texas,1,Total population,6952,685,
48201412400,Census Tract 4124; Harris County; Texas,1,Total population,4399,413,
48201412500,Census Tract 4125; Harris County; Texas,1,Total population,1480,178,
48201412600,Census Tract 4126; Harris County; Texas,1,Total population,3726,512,
48201412700,Census Tract 4127; Harris County; Texas,1,Total population,3192,425,
48201412800,Census Tract 4128; Harris County; Texas,1,Total population,5089,661,
48201412901,Census Tract 4129.01; Harris County; Texas,1,Total population,1728,675,
48201412902,Census Tract 4129.02; Harris County; Texas,1,Total population,2706,632,
48201413000,Census Tract 4130; Harris County; Texas,1,Total population,3539,557,
48201413100,Census Tract 4131; Harris County; Texas,1,Total population,3063,496,
48201413203,Census Tract 4132.03; Harris County; Texas,1,Total population,1980,415,
48201413205,Census Tract 4132.05; Harris County; Texas,1,Total population,1492,236,
48201413206,Census Tract 4132.06; Harris County; Texas,1,Total population,2287,449,
48201413301,Census Tract 4133.01; Harris County; Texas,1,Total population,4634,693,
48201413302,Census Tract 4133.02; Harris County; Texas,1,Total population,3727,604,
48201420100,Census Tract 4201; Harris County; Texas,1,Total population,2937,708,
48201420200,Census Tract 4202; Harris County; Texas,1,Total population,2713,520,
48201420300,Census Tract 4203; Harris County; Texas,1,Total population,3867,677,
48201420400,Census Tract 4204; Harris County; Texas,1,Total population,3455,699,
48201420500,Census Tract 4205; Harris County; Texas,1,Total population,3814,772,
48201420600,Census Tract 4206; Harris County; Texas,1,Total population,2455,377,
48201420700,Census Tract 4207; Harris County; Texas,1,Total population,2414,294,
48201420800,Census Tract 4208; Harris County; Texas,1,Total population,2522,437,
48201420900,Census Tract 4209; Harris County; Texas,1,Total population,6220,664,
48201421000,Census Tract 4210; Harris County; Texas,1,Total population,2861,406,
48201421101,Census Tract 4211.01; Harris County; Texas,1,Total population,2412,272,
48201421103,Census Tract 4211.03; Harris County; Texas,1,Total population,1343,257,
48201421104,Census Tract 4211.04; Harris County; Texas,1,Total population,4283,1165,
48201421203,Census Tract 4212.03; Harris County; Texas,1,Total population,2240,772,
48201421204,Census Tract 4212.04; Harris County; Texas,1,Total population,4176,675,
48201421205,Census Tract 4212.05; Harris County; Texas,1,Total population,2984,589,
48201421206,Census Tract 4212.06; Harris County; Texas,1,Total population,2261,786,
48201421301,Census Tract 4213.01; Harris County; Texas,1,Total population,3434,859,
48201421302,Census Tract 4213.02; Harris County; Texas,1,Total population,6100,2085,
48201421401,Census Tract 4214.01; Harris County; Texas,1,Total population,4052,533,
48201421402,Census Tract 4214.02; Harris County; Texas,1,Total population,3636,580,
48201421403,Census Tract 4214.03; Harris County; Texas,1,Total population,4482,565,
48201421501,Census Tract 4215.01; Harris County; Texas,1,Total population,4182,894,
48201421502,Census Tract 4215.02; Harris County; Texas,1,Total population,2579,492,
48201421601,Census Tract 4216.01; Harris County; Texas,1,Total population,3603,1282,
48201421602,Census Tract 4216.02; Harris County; Texas,1,Total population,3312,564,
48201421700,Census Tract 4217; Harris County; Texas,1,Total population,4613,623,
48201421801,Census Tract 4218.01; Harris County; Texas,1,Total population,2289,678,
48201421802,Census Tract 4218.02; Harris County; Texas,1,Total population,1856,379,
48201421900,Census Tract 4219; Harris County; Texas,1,Total population,2709,510,
48201422000,Census Tract 4220; Harris County; Texas,1,Total population,2340,367,
48201422100,Census Tract 4221; Harris County; Texas,1,Total population,5670,957,
48201422200,Census Tract 4222; Harris County; Texas,1,Total population,5503,680,
48201422302,Census Tract 4223.02; Harris County; Texas,1,Total population,1909,340,
48201422303,Census Tract 4223.03; Harris County; Texas,1,Total population,2457,627,
48201422304,Census Tract 4223.04; Harris County; Texas,1,Total population,3293,896,
48201422403,Census Tract 4224.03; Harris County; Texas,1,Total population,2814,389,
48201422404,Census Tract 4224.04; Harris County; Texas,1,Total population,3039,548,
48201422405,Census Tract 4224.05; Harris County; Texas,1,Total population,1564,341,
48201422406,Census Tract 4224.06; Harris County; Texas,1,Total population,2936,721,
48201422501,Census Tract 4225.01; Harris County; Texas,1,Total population,3063,752,
48201422502,Census Tract 4225.02; Harris County; Texas,1,Total population,3487,746,
48201422601,Census Tract 4226.01; Harris County; Texas,1,Total population,3521,535,
48201422602,Census Tract 4226.02; Harris County; Texas,1,Total population,2629,793,
48201422701,Census Tract 4227.01; Harris County; Texas,1,Total population,5166,794,
48201422702,Census Tract 4227.02; Harris County; Texas,1,Total population,3170,527,
48201422800,Census Tract 4228; Harris County; Texas,1,Total population,5426,961,
48201422900,Census Tract 4229; Harris County; Texas,1,Total population,2919,475,
48201423001,Census Tract 4230.01; Harris County; Texas,1,Total population,3425,594,
48201423002,Census Tract 4230.02; Harris County; Texas,1,Total population,2987,453,
48201423100,Census Tract 4231; Harris County; Texas,1,Total population,2482,501,
48201423201,Census Tract 4232.01; Harris County; Texas,1,Total population,2931,378,
48201423203,Census Tract 4232.03; Harris County; Texas,1,Total population,2260,572,
48201423204,Census Tract 4232.04; Harris County; Texas,1,Total population,4432,901,
48201423301,Census Tract 4233.01; Harris County; Texas,1,Total population,4561,776,
48201423304,Census Tract 4233.04; Harris County; Texas,1,Total population,3792,546,
48201423401,Census Tract 4234.01; Harris County; Texas,1,Total population,5402,666,
48201423402,Census Tract 4234.02; Harris County; Texas,1,Total population,4798,593,
48201423500,Census Tract 4235; Harris County; Texas,1,Total population,2082,276,
48201423600,Census Tract 4236; Harris County; Texas,1,Total population,6590,901,
48201430101,Census Tract 4301.01; Harris County; Texas,1,Total population,3363,699,
48201430102,Census Tract 4301.02; Harris County; Texas,1,Total population,2580,744,
48201430200,Census Tract 4302; Harris County; Texas,1,Total population,1497,187,
48201430300,Census Tract 4303; Harris County; Texas,1,Total population,4397,29,
48201430400,Census Tract 4304; Harris County; Texas,1,Total population,3144,29,
48201430500,Census Tract 4305; Harris County; Texas,1,Total population,2343,378,
48201430600,Census Tract 4306; Harris County; Texas,1,Total population,3835,31,
48201430700,Census Tract 4307; Harris County; Texas,1,Total population,3937,618,
48201430800,Census Tract 4308; Harris County; Texas,1,Total population,6725,758,
48201430900,Census Tract 4309; Harris County; Texas,1,Total population,5368,856,
48201431001,Census Tract 4310.01; Harris County; Texas,1,Total population,2214,281,
48201431002,Census Tract 4310.02; Harris County; Texas,1,Total population,3196,905,
48201431101,Census Tract 4311.01; Harris County; Texas,1,Total population,5297,1072,
48201431102,Census Tract 4311.02; Harris County; Texas,1,Total population,4129,708,
48201431203,Census Tract 4312.03; Harris County; Texas,1,Total population,2563,568,
48201431204,Census Tract 4312.04; Harris County; Texas,1,Total population,2836,439,
48201431205,Census Tract 4312.05; Harris County; Texas,1,Total population,2297,785,
48201431206,Census Tract 4312.06; Harris County; Texas,1,Total population,1797,282,
48201431302,Census Tract 4313.02; Harris County; Texas,1,Total population,4728,606,
48201431303,Census Tract 4313.03; Harris County; Texas,1,Total population,1459,283,
48201431304,Census Tract 4313.04; Harris County; Texas,1,Total population,2949,633,
48201431401,Census Tract 4314.01; Harris County; Texas,1,Total population,2213,462,
48201431403,Census Tract 4314.03; Harris County; Texas,1,Total population,1651,500,
48201431404,Census Tract 4314.04; Harris County; Texas,1,Total population,2080,533,
48201431503,Census Tract 4315.03; Harris County; Texas,1,Total population,1873,703,
48201431504,Census Tract 4315.04; Harris County; Texas,1,Total population,2443,388,
48201431505,Census Tract 4315.05; Harris County; Texas,1,Total population,1545,258,
48201431506,Census Tract 4315.06; Harris County; Texas,1,Total population,2763,412,
48201431600,Census Tract 4316; Harris County; Texas,1,Total population,3058,301,
48201431701,Census Tract 4317.01; Harris County; Texas,1,Total population,1721,333,
48201431702,Census Tract 4317.02; Harris County; Texas,1,Total population,2741,364,
48201431801,Census Tract 4318.01; Harris County; Texas,1,Total population,3314,416,
48201431803,Census Tract 4318.03; Harris County; Texas,1,Total population,2218,410,
48201431804,Census Tract 4318.04; Harris County; Texas,1,Total population,2144,432,
48201431901,Census Tract 4319.01; Harris County; Texas,1,Total population,2651,570,
48201431902,Census Tract 4319.02; Harris County; Texas,1,Total population,2780,405,
48201432003,Census Tract 4320.03; Harris County; Texas,1,Total population,1739,308,
48201432004,Census Tract 4320.04; Harris County; Texas,1,Total population,2161,316,
48201432005,Census Tract 4320.05; Harris County; Texas,1,Total population,3684,1571,
48201432006,Census Tract 4320.06; Harris County; Texas,1,Total population,1818,496,
48201432101,Census Tract 4321.01; Harris County; Texas,1,Total population,2802,696,
48201432102,Census Tract 4321.02; Harris County; Texas,1,Total population,4288,1048,
48201432200,Census Tract 4322; Harris County; Texas,1,Total population,4037,679,
48201432301,Census Tract 4323.01; Harris County; Texas,1,Total population,3547,865,
48201432302,Census Tract 4323.02; Harris County; Texas,1,Total population,1885,399,
48201432303,Census Tract 4323.03; Harris County; Texas,1,Total population,2129,562,
48201432401,Census Tract 4324.01; Harris County; Texas,1,Total population,4051,864,
48201432402,Census Tract 4324.02; Harris County; Texas,1,Total population,2755,541,
48201432501,Census Tract 4325.01; Harris County; Texas,1,Total population,3436,733,
48201432502,Census Tract 4325.02; Harris County; Texas,1,Total population,1644,490,
48201432600,Census Tract 4326; Harris County; Texas,1,Total population,2075,634,
48201432703,Census Tract 4327.03; Harris County; Texas,1,Total population,2142,348,
48201432704,Census Tract 4327.04; Harris County; Texas,1,Total population,1952,736,
48201432705,Census Tract 4327.05; Harris County; Texas,1,Total population,5701,1684,
48201432706,Census Tract 4327.06; Harris County; Texas,1,Total population,1571,579,
48201432803,Census Tract 4328.03; Harris County; Texas,1,Total population,2675,422,
48201432804,Census Tract 4328.04; Harris County; Texas,1,Total population,1758,387,
48201432805,Census Tract 4328.05; Harris County; Texas,1,Total population,2079,904,
48201432806,Census Tract 4328.06; Harris County; Texas,1,Total population,4767,866,
48201432901,Census Tract 4329.01; Harris County; Texas,1,Total population,3217,596,
48201432903,Census Tract 4329.03; Harris County; Texas,1,Total population,1822,368,
48201432904,Census Tract 4329.04; Harris County; Texas,1,Total population,3711,571,
48201433003,Census Tract 4330.03; Harris County; Texas,1,Total population,5122,964,
48201433004,Census Tract 4330.04; Harris County; Texas,1,Total population,2578,406,
48201433005,Census Tract 4330.05; Harris County; Texas,1,Total population,2125,316,
48201433006,Census Tract 4330.06; Harris County; Texas,1,Total population,2052,324,
48201433007,Census Tract 4330.07; Harris County; Texas,1,Total population,1342,544,
48201433100,Census Tract 4331; Harris County; Texas,1,Total population,3290,563,
48201433201,Census Tract 4332.01; Harris County; Texas,1,Total population,4085,393,
48201433202,Census Tract 4332.02; Harris County; Texas,1,Total population,3474,364,
48201433300,Census Tract 4333; Harris County; Texas,1,Total population,4800,760,
48201433400,Census Tract 4334; Harris County; Texas,1,Total population,4285,1053,
48201433503,Census Tract 4335.03; Harris County; Texas,1,Total population,2661,665,
48201433504,Census Tract 4335.04; Harris County; Texas,1,Total population,2501,425,
48201433505,Census Tract 4335.05; Harris County; Texas,1,Total population,1891,455,
48201433507,Census Tract 4335.07; Harris County; Texas,1,Total population,2906,539,
48201433601,Census Tract 4336.01; Harris County; Texas,1,Total population,2610,535,
48201433602,Census Tract 4336.02; Harris County; Texas,1,Total population,4123,937,
48201440101,Census Tract 4401.01; Harris County; Texas,1,Total population,3136,968,
48201440102,Census Tract 4401.02; Harris County; Texas,1,Total population,4448,726,
48201450100,Census Tract 4501; Harris County; Texas,1,Total population,1973,215,
48201450200,Census Tract 4502; Harris County; Texas,1,Total population,5728,962,
48201450301,Census Tract 4503.01; Harris County; Texas,1,Total population,2282,491,
48201450302,Census Tract 4503.02; Harris County; Texas,1,Total population,6037,1043,
48201450401,Census Tract 4504.01; Harris County; Texas,1,Total population,1407,289,
48201450402,Census Tract 4504.02; Harris County; Texas,1,Total population,2019,387,
48201450500,Census Tract 4505; Harris County; Texas,1,Total population,2875,333,
48201450600,Census Tract 4506; Harris County; Texas,1,Total population,4514,860,
48201450700,Census Tract 4507; Harris County; Texas,1,Total population,6646,953,
48201450801,Census Tract 4508.01; Harris County; Texas,1,Total population,1583,352,
48201450803,Census Tract 4508.03; Harris County; Texas,1,Total population,5187,777,
48201450804,Census Tract 4508.04; Harris County; Texas,1,Total population,2631,441,
48201450900,Census Tract 4509; Harris County; Texas,1,Total population,3055,454,
48201451003,Census Tract 4510.03; Harris County; Texas,1,Total population,4100,1043,
48201451004,Census Tract 4510.04; Harris County; Texas,1,Total population,2032,538,
48201451005,Census Tract 4510.05; Harris County; Texas,1,Total population,2245,511,
48201451006,Census Tract 4510.06; Harris County; Texas,1,Total population,2446,424,
48201451100,Census Tract 4511; Harris County; Texas,1,Total population,4132,568,
48201451200,Census Tract 4512; Harris County; Texas,1,Total population,2473,518,
48201451301,Census Tract 4513.01; Harris County; Texas,1,Total population,4122,741,
48201451302,Census Tract 4513.02; Harris County; Texas,1,Total population,3598,1057,
48201451401,Census Tract 4514.01; Harris County; Texas,1,Total population,3600,541,
48201451404,Census Tract 4514.04; Harris County; Texas,1,Total population,4498,585,
48201451405,Census Tract 4514.05; Harris County; Texas,1,Total population,2714,732,
48201451406,Census Tract 4514.06; Harris County; Texas,1,Total population,2333,340,
48201451501,Census Tract 4515.01; Harris County; Texas,1,Total population,3882,1065,
48201451502,Census Tract 4515.02; Harris County; Texas,1,Total population,2192,337,
48201451603,Census Tract 4516.03; Harris County; Texas,1,Total population,3553,517,
48201451604,Census Tract 4516.04; Harris County; Texas,1,Total population,3524,531,
48201451605,Census Tract 4516.05; Harris County; Texas,1,Total population,3210,633,
48201451606,Census Tract 4516.06; Harris County; Texas,1,Total population,6489,1542,
48201451700,Census Tract 4517; Harris County; Texas,1,Total population,4316,1213,
48201451800,Census Tract 4518; Harris County; Texas,1,Total population,5066,627,
48201451902,Census Tract 4519.02; Harris County; Texas,1,Total population,2620,589,
48201451903,Census Tract 4519.03; Harris County; Texas,1,Total population,3415,541,
48201451904,Census Tract 4519.04; Harris County; Texas,1,Total population,3439,619,
48201452001,Census Tract 4520.01; Harris County; Texas,1,Total population,4787,1381,
48201452002,Census Tract 4520.02; Harris County; Texas,1,Total population,3238,535,
48201452101,Census Tract 4521.01; Harris County; Texas,1,Total population,6643,1066,
48201452202,Census Tract 4522.02; Harris County; Texas,1,Total population,3664,883,
48201452203,Census Tract 4522.03; Harris County; Texas,1,Total population,3248,646,
48201452204,Census Tract 4522.04; Harris County; Texas,1,Total population,2282,334,
48201452300,Census Tract 4523; Harris County; Texas,1,Total population,2406,438,
48201452401,Census Tract 4524.01; Harris County; Texas,1,Total population,3826,752,
48201452402,Census Tract 4524.02; Harris County; Texas,1,Total population,3980,1236,
48201452501,Census Tract 4525.01; Harris County; Texas,1,Total population,2699,509,
48201452502,Census Tract 4525.02; Harris County; Texas,1,Total population,4960,1180,
48201452601,Census Tract 4526.01; Harris County; Texas,1,Total population,6081,1070,
48201452602,Census Tract 4526.02; Harris County; Texas,1,Total population,3357,492,
48201452701,Census Tract 4527.01; Harris County; Texas,1,Total population,4996,1054,
48201452702,Census Tract 4527.02; Harris County; Texas,1,Total population,4376,918,
48201452703,Census Tract 4527.03; Harris County; Texas,1,Total population,3460,728,
48201452801,Census Tract 4528.01; Harris County; Texas,1,Total population,6016,755,
48201452802,Census Tract 4528.02; Harris County; Texas,1,Total population,7200,1039,
48201452900,Census Tract 4529; Harris County; Texas,1,Total population,5184,741,
48201453002,Census Tract 4530.02; Harris County; Texas,1,Total population,5756,1111,
48201453100,Census Tract 4531; Harris County; Texas,1,Total population,3973,649,
48201453201,Census Tract 4532.01; Harris County; Texas,1,Total population,4370,906,
48201453202,Census Tract 4532.02; Harris County; Texas,1,Total population,4818,1940,
48201453300,Census Tract 4533; Harris County; Texas,1,Total population,4423,1303,
48201453401,Census Tract 4534.01; Harris County; Texas,1,Total population,2679,594,
48201453403,Census Tract 4534.03; Harris County; Texas,1,Total population,4621,956,
48201453404,Census Tract 4534.04; Harris County; Texas,1,Total population,4054,625,
48201453405,Census Tract 4534.05; Harris County; Texas,1,Total population,3345,612,
48201453501,Census Tract 4535.01; Harris County; Texas,1,Total population,6286,617,
48201453502,Census Tract 4535.02; Harris County; Texas,1,Total population,3225,392,
48201453601,Census Tract 4536.01; Harris County; Texas,1,Total population,1948,310,
48201453603,Census Tract 4536.03; Harris County; Texas,1,Total population,3818,716,
48201453604,Census Tract 4536.04; Harris County; Texas,1,Total population,4318,962,
48201453701,Census Tract 4537.01; Harris County; Texas,1,Total population,4988,898,
48201453702,Census Tract 4537.02; Harris County; Texas,1,Total population,4506,1423,
48201453800,Census Tract 4538; Harris County; Texas,1,Total population,3950,586,
48201453901,Census Tract 4539.01; Harris County; Texas,1,Total population,5832,1277,
48201453902,Census Tract 4539.02; Harris County; Texas,1,Total population,4056,1158,
48201454000,Census Tract 4540; Harris County; Texas,1,Total population,4924,895,
48201454100,Census Tract 4541; Harris County; Texas,1,Total population,3552,617,
48201454200,Census Tract 4542; Harris County; Texas,1,Total population,4347,818,
48201454302,Census Tract 4543.02; Harris County; Texas,1,Total population,6186,815,
48201454303,Census Tract 4543.03; Harris County; Texas,1,Total population,3609,715,
48201454304,Census Tract 4543.04; Harris County; Texas,1,Total population,5830,1340,
48201454305,Census Tract 4543.05; Harris County; Texas,1,Total population,2443,403,
48201454502,Census Tract 4545.02; Harris County; Texas,1,Total population,2289,189,
48201454503,Census Tract 4545.03; Harris County; Texas,1,Total population,3034,568,
48201454504,Census Tract 4545.04; Harris County; Texas,1,Total population,5066,1091,
48201454505,Census Tract 4545.05; Harris County; Texas,1,Total population,3039,379,
48201454600,Census Tract 4546; Harris County; Texas,1,Total population,5167,1118,
48201454700,Census Tract 4547; Harris County; Texas,1,Total population,6974,1113,
48201454801,Census Tract 4548.01; Harris County; Texas,1,Total population,4581,1142,
48201454802,Census Tract 4548.02; Harris County; Texas,1,Total population,4917,974,
48201454901,Census Tract 4549.01; Harris County; Texas,1,Total population,2770,393,
48201454902,Census Tract 4549.02; Harris County; Texas,1,Total population,9106,1336,
48201455000,Census Tract 4550; Harris County; Texas,1,Total population,3516,1089,
48201455102,Census Tract 4551.02; Harris County; Texas,1,Total population,2787,245,
48201455103,Census Tract 4551.03; Harris County; Texas,1,Total population,4077,920,
48201455104,Census Tract 4551.04; Harris County; Texas,1,Total population,3097,854,
48201455200,Census Tract 4552; Harris County; Texas,1,Total population,4454,477,
48201455300,Census Tract 4553; Harris County; Texas,1,Total population,13699,1587,
48201510100,Census Tract 5101; Harris County; Texas,1,Total population,2570,380,
48201510201,Census Tract 5102.01; Harris County; Texas,1,Total population,2369,537,
48201510202,Census Tract 5102.02; Harris County; Texas,1,Total population,4786,702,
48201510301,Census Tract 5103.01; Harris County; Texas,1,Total population,3328,604,
48201510302,Census Tract 5103.02; Harris County; Texas,1,Total population,3048,678,
48201510400,Census Tract 5104; Harris County; Texas,1,Total population,3634,417,
48201510500,Census Tract 5105; Harris County; Texas,1,Total population,4129,484,
48201510601,Census Tract 5106.01; Harris County; Texas,1,Total population,3523,490,
48201510602,Census Tract 5106.02; Harris County; Texas,1,Total population,4328,601,
48201510701,Census Tract 5107.01; Harris County; Texas,1,Total population,2048,350,
48201510702,Census Tract 5107.02; Harris County; Texas,1,Total population,1908,548,
48201510801,Census Tract 5108.01; Harris County; Texas,1,Total population,3636,532,
48201510802,Census Tract 5108.02; Harris County; Texas,1,Total population,2332,778,
48201510803,Census Tract 5108.03; Harris County; Texas,1,Total population,1860,438,
48201510901,Census Tract 5109.01; Harris County; Texas,1,Total population,5811,1212,
48201510902,Census Tract 5109.02; Harris County; Texas,1,Total population,3690,647,
48201511001,Census Tract 5110.01; Harris County; Texas,1,Total population,2992,364,
48201511003,Census Tract 5110.03; Harris County; Texas,1,Total population,2329,575,
48201511004,Census Tract 5110.04; Harris County; Texas,1,Total population,1953,376,
48201511100,Census Tract 5111; Harris County; Texas,1,Total population,3977,483,
48201511201,Census Tract 5112.01; Harris County; Texas,1,Total population,2855,402,
48201511202,Census Tract 5112.02; Harris County; Texas,1,Total population,3322,622,
48201511301,Census Tract 5113.01; Harris County; Texas,1,Total population,4138,566,
48201511302,Census Tract 5113.02; Harris County; Texas,1,Total population,4243,978,
48201511400,Census Tract 5114; Harris County; Texas,1,Total population,3143,476,
48201511501,Census Tract 5115.01; Harris County; Texas,1,Total population,3092,401,
48201511502,Census Tract 5115.02; Harris County; Texas,1,Total population,5853,1011,
48201511600,Census Tract 5116; Harris County; Texas,1,Total population,3514,542,
48201520100,Census Tract 5201; Harris County; Texas,1,Total population,2621,540,
48201520200,Census Tract 5202; Harris County; Texas,1,Total population,2884,428,
48201520301,Census Tract 5203.01; Harris County; Texas,1,Total population,2464,543,
48201520302,Census Tract 5203.02; Harris County; Texas,1,Total population,2801,527,
48201520400,Census Tract 5204; Harris County; Texas,1,Total population,3884,790,
48201520501,Census Tract 5205.01; Harris County; Texas,1,Total population,3617,1284,
48201520502,Census Tract 5205.02; Harris County; Texas,1,Total population,4387,1111,
48201520601,Census Tract 5206.01; Harris County; Texas,1,Total population,2915,634,
48201520603,Census Tract 5206.03; Harris County; Texas,1,Total population,1925,490,
48201520604,Census Tract 5206.04; Harris County; Texas,1,Total population,3057,561,
48201520700,Census Tract 5207; Harris County; Texas,1,Total population,4733,595,
48201521000,Census Tract 5210; Harris County; Texas,1,Total population,2436,412,
48201521100,Census Tract 5211; Harris County; Texas,1,Total population,2310,499,
48201521201,Census Tract 5212.01; Harris County; Texas,1,Total population,1667,544,
48201521202,Census Tract 5212.02; Harris County; Texas,1,Total population,2976,454,
48201521300,Census Tract 5213; Harris County; Texas,1,Total population,6075,876,
48201521401,Census Tract 5214.01; Harris County; Texas,1,Total population,3474,535,
48201521402,Census Tract 5214.02; Harris County; Texas,1,Total population,3394,611,
48201521501,Census Tract 5215.01; Harris County; Texas,1,Total population,2169,465,
48201521502,Census Tract 5215.02; Harris County; Texas,1,Total population,2958,619,
48201521600,Census Tract 5216; Harris County; Texas,1,Total population,3046,415,
48201521701,Census Tract 5217.01; Harris County; Texas,1,Total population,4850,1278,
48201521702,Census Tract 5217.02; Harris County; Texas,1,Total population,2825,574,
48201521800,Census Tract 5218; Harris County; Texas,1,Total population,5409,766,
48201521900,Census Tract 5219; Harris County; Texas,1,Total population,6263,913,
48201522001,Census Tract 5220.01; Harris County; Texas,1,Total population,1871,325,
48201522002,Census Tract 5220.02; Harris County; Texas,1,Total population,2552,736,
48201522101,Census Tract 5221.01; Harris County; Texas,1,Total population,3272,629,
48201522102,Census Tract 5221.02; Harris County; Texas,1,Total population,5423,1461,
48201522201,Census Tract 5222.01; Harris County; Texas,1,Total population,4564,856,
48201522202,Census Tract 5222.02; Harris County; Texas,1,Total population,4057,806,
48201522301,Census Tract 5223.01; Harris County; Texas,1,Total population,3822,496,
48201522302,Census Tract 5223.02; Harris County; Texas,1,Total population,3517,574,
48201522401,Census Tract 5224.01; Harris County; Texas,1,Total population,5605,861,
48201522402,Census Tract 5224.02; Harris County; Texas,1,Total population,3828,403,
48201522500,Census Tract 5225; Harris County; Texas,1,Total population,5200,234,
48201530101,Census Tract 5301.01; Harris County; Texas,1,Total population,3922,896,
48201530102,Census Tract 5301.02; Harris County; Texas,1,Total population,2913,1376,
48201530200,Census Tract 5302; Harris County; Texas,1,Total population,3715,788,
48201530300,Census Tract 5303; Harris County; Texas,1,Total population,2230,442,
48201530400,Census Tract 5304; Harris County; Texas,1,Total population,2797,852,
48201530501,Census Tract 5305.01; Harris County; Texas,1,Total population,1948,811,
48201530502,Census Tract 5305.02; Harris County; Texas,1,Total population,2657,505,
48201530600,Census Tract 5306; Harris County; Texas,1,Total population,3125,619,
48201530701,Census Tract 5307.01; Harris County; Texas,1,Total population,1513,382,
48201530702,Census Tract 5307.02; Harris County; Texas,1,Total population,3909,809,
48201530800,Census Tract 5308; Harris County; Texas,1,Total population,4265,717,
48201530900,Census Tract 5309; Harris County; Texas,1,Total population,4024,581,
48201531000,Census Tract 5310; Harris County; Texas,1,Total population,4467,553,
48201531100,Census Tract 5311; Harris County; Texas,1,Total population,3509,689,
48201531200,Census Tract 5312; Harris County; Texas,1,Total population,3055,444,
48201531300,Census Tract 5313; Harris County; Texas,1,Total population,4900,915,
48201531400,Census Tract 5314; Harris County; Texas,1,Total population,2147,293,
48201531500,Census Tract 5315; Harris County; Texas,1,Total population,3039,393,
48201531600,Census Tract 5316; Harris County; Texas,1,Total population,2702,342,
48201531700,Census Tract 5317; Harris County; Texas,1,Total population,3954,496,
48201531800,Census Tract 5318; Harris County; Texas,1,Total population,2740,555,
48201531900,Census Tract 5319; Harris County; Texas,1,Total population,5581,991,
48201532003,Census Tract 5320.03; Harris County; Texas,1,Total population,4126,1461,
48201532004,Census Tract 5320.04; Harris County; Texas,1,Total population,4873,888,
48201532101,Census Tract 5321.01; Harris County; Texas,1,Total population,4449,999,
48201532200,Census Tract 5322; Harris County; Texas,1,Total population,3847,646,
48201532301,Census Tract 5323.01; Harris County; Texas,1,Total population,5009,1538,
48201532302,Census Tract 5323.02; Harris County; Texas,1,Total population,3218,467,
48201532400,Census Tract 5324; Harris County; Texas,1,Total population,6075,1062,
48201532502,Census Tract 5325.02; Harris County; Texas,1,Total population,5458,1155,
48201532503,Census Tract 5325.03; Harris County; Texas,1,Total population,5690,1164,
48201532504,Census Tract 5325.04; Harris County; Texas,1,Total population,4667,954,
48201532600,Census Tract 5326; Harris County; Texas,1,Total population,7008,947,
48201532700,Census Tract 5327; Harris County; Texas,1,Total population,5248,1004,
48201532800,Census Tract 5328; Harris County; Texas,1,Total population,2030,474,
48201532900,Census Tract 5329; Harris County; Texas,1,Total population,5271,1006,
48201533000,Census Tract 5330; Harris County; Texas,1,Total population,2332,437,
48201533100,Census Tract 5331; Harris County; Texas,1,Total population,6434,1060,
48201533200,Census Tract 5332; Harris County; Texas,1,Total population,4184,827,
48201533301,Census Tract 5333.01; Harris County; Texas,1,Total population,2796,1423,
48201533302,Census Tract 5333.02; Harris County; Texas,1,Total population,3730,1080,
48201533401,Census Tract 5334.01; Harris County; Texas,1,Total population,5211,628,
48201533402,Census Tract 5334.02; Harris County; Texas,1,Total population,6397,1449,
48201533500,Census Tract 5335; Harris County; Texas,1,Total population,4371,578,
48201533600,Census Tract 5336; Harris County; Texas,1,Total population,5082,501,
48201533701,Census Tract 5337.01; Harris County; Texas,1,Total population,6542,1699,
48201533702,Census Tract 5337.02; Harris County; Texas,1,Total population,3743,462,
48201533802,Census Tract 5338.02; Harris County; Texas,1,Total population,7467,825,
48201533803,Census Tract 5338.03; Harris County; Texas,1,Total population,7111,1573,
48201533804,Census Tract 5338.04; Harris County; Texas,1,Total population,6954,1723,
48201533902,Census Tract 5339.02; Harris County; Texas,1,Total population,4275,759,
48201533903,Census Tract 5339.03; Harris County; Texas,1,Total population,4246,543,
48201533904,Census Tract 5339.04; Harris County; Texas,1,Total population,4759,1125,
48201534001,Census Tract 5340.01; Harris County; Texas,1,Total population,3509,717,
48201534002,Census Tract 5340.02; Harris County; Texas,1,Total population,5664,649,
48201534003,Census Tract 5340.03; Harris County; Texas,1,Total population,2638,443,
48201534101,Census Tract 5341.01; Harris County; Texas,1,Total population,3131,651,
48201534102,Census Tract 5341.02; Harris County; Texas,1,Total population,4793,1008,
48201534201,Census Tract 5342.01; Harris County; Texas,1,Total population,3665,760,
48201534203,Census Tract 5342.03; Harris County; Texas,1,Total population,2391,472,
48201534204,Census Tract 5342.04; Harris County; Texas,1,Total population,4473,526,
48201534205,Census Tract 5342.05; Harris County; Texas,1,Total population,4317,317,
48201540101,Census Tract 5401.01; Harris County; Texas,1,Total population,6072,924,
48201540102,Census Tract 5401.02; Harris County; Texas,1,Total population,5974,1709,
48201540200,Census Tract 5402; Harris County; Texas,1,Total population,2120,351,
48201540502,Census Tract 5405.02; Harris County; Texas,1,Total population,4415,491,
48201540503,Census Tract 5405.03; Harris County; Texas,1,Total population,4282,1683,
48201540504,Census Tract 5405.04; Harris County; Texas,1,Total population,3525,1079,
48201540601,Census Tract 5406.01; Harris County; Texas,1,Total population,4010,588,
48201540602,Census Tract 5406.02; Harris County; Texas,1,Total population,7439,2106,
48201540700,Census Tract 5407; Harris County; Texas,1,Total population,5343,488,
48201540800,Census Tract 5408; Harris County; Texas,1,Total population,7209,1261,
48201540901,Census Tract 5409.01; Harris County; Texas,1,Total population,3043,566,
48201540903,Census Tract 5409.03; Harris County; Texas,1,Total population,3741,1509,
48201540904,Census Tract 5409.04; Harris County; Texas,1,Total population,4685,737,
48201541004,Census Tract 5410.04; Harris County; Texas,1,Total population,5626,1220,
48201541005,Census Tract 5410.05; Harris County; Texas,1,Total population,4875,1373,
48201541006,Census Tract 5410.06; Harris County; Texas,1,Total population,6654,1376,
48201541007,Census Tract 5410.07; Harris County; Texas,1,Total population,7126,967,
48201541008,Census Tract 5410.08; Harris County; Texas,1,Total population,3265,360,
48201541009,Census Tract 5410.09; Harris County; Texas,1,Total population,4987,731,
48201541100,Census Tract 5411; Harris County; Texas,1,Total population,7618,1615,
48201541203,Census Tract 5412.03; Harris County; Texas,1,Total population,2577,311,
48201541204,Census Tract 5412.04; Harris County; Texas,1,Total population,6122,737,
48201541205,Census Tract 5412.05; Harris County; Texas,1,Total population,3364,1003,
48201541206,Census Tract 5412.06; Harris County; Texas,1,Total population,4875,756,
48201541207,Census Tract 5412.07; Harris County; Texas,1,Total population,4444,552,
48201541301,Census Tract 5413.01; Harris County; Texas,1,Total population,5396,508,
48201541302,Census Tract 5413.02; Harris County; Texas,1,Total population,7003,1729,
48201541401,Census Tract 5414.01; Harris County; Texas,1,Total population,5002,1007,
48201541402,Census Tract 5414.02; Harris County; Texas,1,Total population,2906,307,
48201541403,Census Tract 5414.03; Harris County; Texas,1,Total population,3408,1357,
48201541404,Census Tract 5414.04; Harris County; Texas,1,Total population,3052,465,
48201541500,Census Tract 5415; Harris County; Texas,1,Total population,5838,1048,
48201541603,Census Tract 5416.03; Harris County; Texas,1,Total population,7636,1190,
48201541604,Census Tract 5416.04; Harris County; Texas,1,Total population,9860,1067,
48201541701,Census Tract 5417.01; Harris County; Texas,1,Total population,6248,1884,
48201541702,Census Tract 5417.02; Harris County; Texas,1,Total population,2567,562,
48201541703,Census Tract 5417.03; Harris County; Texas,1,Total population,2727,670,
48201541801,Census Tract 5418.01; Harris County; Texas,1,Total population,3518,751,
48201541802,Census Tract 5418.02; Harris County; Texas,1,Total population,3235,671,
48201541901,Census Tract 5419.01; Harris County; Texas,1,Total population,3044,544,
48201541902,Census Tract 5419.02; Harris County; Texas,1,Total population,4408,723,
48201542001,Census Tract 5420.01; Harris County; Texas,1,Total population,4684,1528,
48201542002,Census Tract 5420.02; Harris County; Texas,1,Total population,2421,579,
48201542003,Census Tract 5420.03; Harris County; Texas,1,Total population,4154,775,
48201542004,Census Tract 5420.04; Harris County; Texas,1,Total population,3518,594,
48201542103,Census Tract 5421.03; Harris County; Texas,1,Total population,8431,1094,
48201542104,Census Tract 5421.04; Harris County; Texas,1,Total population,7149,1403,
48201542105,Census Tract 5421.05; Harris County; Texas,1,Total population,8205,1366,
48201542106,Census Tract 5421.06; Harris County; Texas,1,Total population,9089,1334,
48201542107,Census Tract 5421.07; Harris County; Texas,1,Total population,3068,412,
48201542108,Census Tract 5421.08; Harris County; Texas,1,Total population,5041,1798,
48201542201,Census Tract 5422.01; Harris County; Texas,1,Total population,7504,1051,
48201542202,Census Tract 5422.02; Harris County; Texas,1,Total population,7930,1688,
48201542203,Census Tract 5422.03; Harris County; Texas,1,Total population,10502,2254,
48201542302,Census Tract 5423.02; Harris County; Texas,1,Total population,7604,981,
48201542303,Census Tract 5423.03; Harris County; Texas,1,Total population,3342,1206,
48201542304,Census Tract 5423.04; Harris County; Texas,1,Total population,5942,1579,
48201542305,Census Tract 5423.05; Harris County; Texas,1,Total population,4670,753,
48201542401,Census Tract 5424.01; Harris County; Texas,1,Total population,4637,865,
48201542402,Census Tract 5424.02; Harris County; Texas,1,Total population,6765,1304,
48201542500,Census Tract 5425; Harris County; Texas,1,Total population,3381,493,
48201542600,Census Tract 5426; Harris County; Texas,1,Total population,5911,788,
48201542700,Census Tract 5427; Harris County; Texas,1,Total population,4385,568,
48201542800,Census Tract 5428; Harris County; Texas,1,Total population,7927,622,
48201542901,Census Tract 5429.01; Harris County; Texas,1,Total population,9257,1669,
48201542902,Census Tract 5429.02; Harris County; Texas,1,Total population,24245,3412,
48201543004,Census Tract 5430.04; Harris County; Texas,1,Total population,12440,1541,
48201543005,Census Tract 5430.05; Harris County; Texas,1,Total population,6782,1161,
48201543006,Census Tract 5430.06; Harris County; Texas,1,Total population,16296,1651,
48201543007,Census Tract 5430.07; Harris County; Texas,1,Total population,19847,3210,
48201543008,Census Tract 5430.08; Harris County; Texas,1,Total population,4881,431,
48201543009,Census Tract 5430.09; Harris County; Texas,1,Total population,4834,2042,
48201543010,Census Tract 5430.10; Harris County; Texas,1,Total population,5149,1092,
48201543011,Census Tract 5430.11; Harris County; Texas,1,Total population,5069,1141,
48201543100,Census Tract 5431; Harris County; Texas,1,Total population,2897,509,
48201543201,Census Tract 5432.01; Harris County; Texas,1,Total population,5258,1010,
48201543202,Census Tract 5432.02; Harris County; Texas,1,Total population,3660,609,
48201550101,Census Tract 5501.01; Harris County; Texas,1,Total population,2923,663,
48201550102,Census Tract 5501.02; Harris County; Texas,1,Total population,2461,354,
48201550201,Census Tract 5502.01; Harris County; Texas,1,Total population,1786,390,
48201550202,Census Tract 5502.02; Harris County; Texas,1,Total population,2320,661,
48201550303,Census Tract 5503.03; Harris County; Texas,1,Total population,3898,695,
48201550306,Census Tract 5503.06; Harris County; Texas,1,Total population,4197,1143,
48201550308,Census Tract 5503.08; Harris County; Texas,1,Total population,2974,785,
48201550403,Census Tract 5504.03; Harris County; Texas,1,Total population,3450,790,
48201550404,Census Tract 5504.04; Harris County; Texas,1,Total population,7015,928,
48201550405,Census Tract 5504.05; Harris County; Texas,1,Total population,8664,1750,
48201550406,Census Tract 5504.06; Harris County; Texas,1,Total population,3715,953,
48201550407,Census Tract 5504.07; Harris County; Texas,1,Total population,5105,2003,
48201550500,Census Tract 5505; Harris County; Texas,1,Total population,6946,866,
48201550601,Census Tract 5506.01; Harris County; Texas,1,Total population,7551,1294,
48201550602,Census Tract 5506.02; Harris County; Texas,1,Total population,2824,381,
48201550603,Census Tract 5506.03; Harris County; Texas,1,Total population,6017,879,
48201550700,Census Tract 5507; Harris County; Texas,1,Total population,5224,1351,
48201550800,Census Tract 5508; Harris County; Texas,1,Total population,3830,640,
48201550901,Census Tract 5509.01; Harris County; Texas,1,Total population,6259,1656,
48201550902,Census Tract 5509.02; Harris County; Texas,1,Total population,4034,541,
48201551000,Census Tract 5510; Harris County; Texas,1,Total population,3625,619,
48201551101,Census Tract 5511.01; Harris County; Texas,1,Total population,4298,753,
48201551102,Census Tract 5511.02; Harris County; Texas,1,Total population,6467,1062,
48201551201,Census Tract 5512.01; Harris County; Texas,1,Total population,5221,1204,
48201551202,Census Tract 5512.02; Harris County; Texas,1,Total population,3540,1558,
48201551300,Census Tract 5513; Harris County; Texas,1,Total population,4308,999,
48201551400,Census Tract 5514; Harris County; Texas,1,Total population,5727,1192,
48201551501,Census Tract 5515.01; Harris County; Texas,1,Total population,3805,880,
48201551502,Census Tract 5515.02; Harris County; Texas,1,Total population,4497,1608,
48201551601,Census Tract 5516.01; Harris County; Texas,1,Total population,2926,903,
48201551602,Census Tract 5516.02; Harris County; Texas,1,Total population,5750,1022,
48201551702,Census Tract 5517.02; Harris County; Texas,1,Total population,4367,760,
48201551703,Census Tract 5517.03; Harris County; Texas,1,Total population,8794,1270,
48201551704,Census Tract 5517.04; Harris County; Texas,1,Total population,3642,862,
48201551705,Census Tract 5517.05; Harris County; Texas,1,Total population,5386,1374,
48201551800,Census Tract 5518; Harris County; Texas,1,Total population,3808,477,
48201551901,Census Tract 5519.01; Harris County; Texas,1,Total population,2500,637,
48201551902,Census Tract 5519.02; Harris County; Texas,1,Total population,4296,685,
48201552002,Census Tract 5520.02; Harris County; Texas,1,Total population,1401,286,
48201552003,Census Tract 5520.03; Harris County; Texas,1,Total population,4902,941,
48201552004,Census Tract 5520.04; Harris County; Texas,1,Total population,3822,550,
48201552101,Census Tract 5521.01; Harris County; Texas,1,Total population,4760,681,
48201552102,Census Tract 5521.02; Harris County; Texas,1,Total population,5991,1055,
48201552103,Census Tract 5521.03; Harris County; Texas,1,Total population,3949,674,
48201552200,Census Tract 5522; Harris County; Texas,1,Total population,8038,1025,
48201552301,Census Tract 5523.01; Harris County; Texas,1,Total population,4265,700,
48201552303,Census Tract 5523.03; Harris County; Texas,1,Total population,2242,547,
48201552304,Census Tract 5523.04; Harris County; Texas,1,Total population,2007,1025,
48201552401,Census Tract 5524.01; Harris County; Texas,1,Total population,5903,1443,
48201552402,Census Tract 5524.02; Harris County; Texas,1,Total population,2479,752,
48201552501,Census Tract 5525.01; Harris County; Texas,1,Total population,4566,1387,
48201552502,Census Tract 5525.02; Harris County; Texas,1,Total population,6528,633,
48201552602,Census Tract 5526.02; Harris County; Texas,1,Total population,6426,1025,
48201552603,Census Tract 5526.03; Harris County; Texas,1,Total population,4746,1887,
48201552604,Census Tract 5526.04; Harris County; Texas,1,Total population,3423,1026,
48201552701,Census Tract 5527.01; Harris County; Texas,1,Total population,3576,805,
48201552702,Census Tract 5527.02; Harris County; Texas,1,Total population,5913,1059,
48201552801,Census Tract 5528.01; Harris County; Texas,1,Total population,4719,1010,
48201552802,Census Tract 5528.02; Harris County; Texas,1,Total population,3734,681,
48201552901,Census Tract 5529.01; Harris County; Texas,1,Total population,4544,642,
48201552902,Census Tract 5529.02; Harris County; Texas,1,Total population,5290,1476,
48201553001,Census Tract 5530.01; Harris County; Texas,1,Total population,5386,628,
48201553002,Census Tract 5530.02; Harris County; Texas,1,Total population,4656,1035,
48201553101,Census Tract 5531.01; Harris County; Texas,1,Total population,3218,806,
48201553102,Census Tract 5531.02; Harris County; Texas,1,Total population,4407,1524,
48201553201,Census Tract 5532.01; Harris County; Texas,1,Total population,2537,464,
48201553202,Census Tract 5532.02; Harris County; Texas,1,Total population,4151,696,
48201553300,Census Tract 5533; Harris County; Texas,1,Total population,4847,771,
48201553401,Census Tract 5534.01; Harris County; Texas,1,Total population,4011,702,
48201553403,Census Tract 5534.03; Harris County; Texas,1,Total population,8148,893,
48201553404,Census Tract 5534.04; Harris County; Texas,1,Total population,3684,797,
48201553405,Census Tract 5534.05; Harris County; Texas,1,Total population,6443,1275,
48201553500,Census Tract 5535; Harris County; Texas,1,Total population,7215,1276,
48201553601,Census Tract 5536.01; Harris County; Texas,1,Total population,5152,911,
48201553602,Census Tract 5536.02; Harris County; Texas,1,Total population,2254,552,
48201553700,Census Tract 5537; Harris County; Texas,1,Total population,4741,875,
48201553801,Census Tract 5538.01; Harris County; Texas,1,Total population,2460,181,
48201553803,Census Tract 5538.03; Harris County; Texas,1,Total population,4170,483,
48201553804,Census Tract 5538.04; Harris County; Texas,1,Total population,5419,869,
48201553901,Census Tract 5539.01; Harris County; Texas,1,Total population,6460,2183,
48201554001,Census Tract 5540.01; Harris County; Texas,1,Total population,3121,501,
48201554002,Census Tract 5540.02; Harris County; Texas,1,Total population,4108,752,
48201554103,Census Tract 5541.03; Harris County; Texas,1,Total population,5419,846,
48201554104,Census Tract 5541.04; Harris County; Texas,1,Total population,4163,883,
48201554201,Census Tract 5542.01; Harris County; Texas,1,Total population,6911,1088,
48201554202,Census Tract 5542.02; Harris County; Texas,1,Total population,3544,727,
48201554301,Census Tract 5543.01; Harris County; Texas,1,Total population,8457,1113,
48201554302,Census Tract 5543.02; Harris County; Texas,1,Total population,4280,630,
48201554404,Census Tract 5544.04; Harris County; Texas,1,Total population,4470,423,
48201554405,Census Tract 5544.05; Harris County; Texas,1,Total population,8658,1804,
48201554406,Census Tract 5544.06; Harris County; Texas,1,Total population,4432,531,
48201554407,Census Tract 5544.07; Harris County; Texas,1,Total population,5693,704,
48201554408,Census Tract 5544.08; Harris County; Texas,1,Total population,9307,1355,
48201554409,Census Tract 5544.09; Harris County; Texas,1,Total population,7295,1606,
48201554410,Census Tract 5544.10; Harris County; Texas,1,Total population,3668,607,
48201554501,Census Tract 5545.01; Harris County; Texas,1,Total population,6721,607,
48201554502,Census Tract 5545.02; Harris County; Texas,1,Total population,5692,851,
48201554600,Census Tract 5546; Harris County; Texas,1,Total population,4647,716,
48201554701,Census Tract 5547.01; Harris County; Texas,1,Total population,3370,666,
48201554702,Census Tract 5547.02; Harris County; Texas,1,Total population,4799,670,
48201554803,Census Tract 5548.03; Harris County; Texas,1,Total population,6617,2109,
48201554804,Census Tract 5548.04; Harris County; Texas,1,Total population,4181,958,
48201554805,Census Tract 5548.05; Harris County; Texas,1,Total population,9203,2589,
48201554807,Census Tract 5548.07; Harris County; Texas,1,Total population,6228,1349,
48201554808,Census Tract 5548.08; Harris County; Texas,1,Total population,3133,754,
48201554809,Census Tract 5548.09; Harris County; Texas,1,Total population,9212,1910,
48201554902,Census Tract 5549.02; Harris County; Texas,1,Total population,10487,994,
48201554904,Census Tract 5549.04; Harris County; Texas,1,Total population,3923,598,
48201554905,Census Tract 5549.05; Harris County; Texas,1,Total population,6631,1052,
48201554906,Census Tract 5549.06; Harris County; Texas,1,Total population,4236,595,
48201554907,Census Tract 5549.07; Harris County; Texas,1,Total population,4255,525,
48201554908,Census Tract 5549.08; Harris County; Texas,1,Total population,7183,1243,
48201555001,Census Tract 5550.01; Harris County; Texas,1,Total population,2698,354,
48201555002,Census Tract 5550.02; Harris County; Texas,1,Total population,5909,1026,
48201555101,Census Tract 5551.01; Harris County; Texas,1,Total population,4910,790,
48201555102,Census Tract 5551.02; Harris County; Texas,1,Total population,5911,926,
48201555200,Census Tract 5552; Harris County; Texas,1,Total population,12618,1751,
48201555301,Census Tract 5553.01; Harris County; Texas,1,Total population,4342,595,
48201555303,Census Tract 5553.03; Harris County; Texas,1,Total population,13085,1633,
48201555304,Census Tract 5553.04; Harris County; Texas,1,Total population,9004,1814,
48201555305,Census Tract 5553.05; Harris County; Texas,1,Total population,10756,1626,
48201555401,Census Tract 5554.01; Harris County; Texas,1,Total population,2483,404,
48201555403,Census Tract 5554.03; Harris County; Texas,1,Total population,4836,862,
48201555404,Census Tract 5554.04; Harris County; Texas,1,Total population,4533,716,
48201555501,Census Tract 5555.01; Harris County; Texas,1,Total population,6191,1461,
48201555503,Census Tract 5555.03; Harris County; Texas,1,Total population,12822,2058,
48201555504,Census Tract 5555.04; Harris County; Texas,1,Total population,8376,2057,
48201555505,Census Tract 5555.05; Harris County; Texas,1,Total population,8717,1230,
48201555600,Census Tract 5556; Harris County; Texas,1,Total population,6374,1229,
48201555701,Census Tract 5557.01; Harris County; Texas,1,Total population,11696,1713,
48201555703,Census Tract 5557.03; Harris County; Texas,1,Total population,6560,802,
48201555704,Census Tract 5557.04; Harris County; Texas,1,Total population,8210,1358,
48201556000,Census Tract 5560; Harris County; Texas,1,Total population,10203,1615,
48201556100,Census Tract 5561; Harris County; Texas,1,Total population,3830,493,
48201980200,Census Tract 9802; Harris County; Texas,1,Total population,9712,2515,
48201980300,Census Tract 9803; Harris County; Texas,1,Total population,2770,383,
48201980400,Census Tract 9804; Harris County; Texas,1,Total population,4134,1148,
48201980700,Census Tract 9807; Harris County; Texas,1,Total population,1427,259,
