"GEO_ID","NAME","B01003_001E","B01003_001M","POPGROUP","POPGROUP_TTL",
"Geography","Geographic Area Name","Estimate!!Total","Margin of Error!!Total","Race/Ethnic Group","Population Groups",
"0500000US48201","Harris County, Texas","3950999","*****","001","Total population",
"1400000US48201212300","Census Tract 2123, Harris County, Texas","5028","700","001","Total population",
"1400000US48201223100","Census Tract 2231, Harris County, Texas","2366","297","001","Total population",
"1400000US48201252100","Census Tract 2521, Harris County, Texas","1551","194","001","Total population",
"1400000US48201412600","Census Tract 4126, Harris County, Texas","3715","257","001","Total population",
"1400000US48201412700","Census Tract 4127, Harris County, Texas","3331","266","001","Total population",
"1400000US48201333500","Census Tract 3335, Harris County, Texas","6693","707","001","Total population",
"1400000US48201232000","Census Tract 2320, Harris County, Texas","4248","417","001","Total population",
"1400000US48201324100","Census Tract 3241, Harris County, Texas","5797","634","001","Total population",
"1400000US48201453900","Census Tract 4539, Harris County, Texas","9287","737","001","Total population",
"1400000US48201530400","Census Tract 5304, Harris County, Texas","2478","425","001","Total population",
"1400000US48201554902","Census Tract 5549.02, Harris County, Texas","5936","621","001","Total population",
"1400000US48201250302","Census Tract 2503.02, Harris County, Texas","8905","659","001","Total population",
"1400000US48201533500","Census Tract 5335, Harris County, Texas","4634","424","001","Total population",
"1400000US48201452900","Census Tract 4529, Harris County, Texas","3797","456","001","Total population",
"1400000US48201530200","Census Tract 5302, Harris County, Texas","3991","523","001","Total population",
"1400000US48201551701","Census Tract 5517.01, Harris County, Texas","8705","555","001","Total population",
"1400000US48201334003","Census Tract 3340.03, Harris County, Texas","6417","729","001","Total population",
"1400000US48201251502","Census Tract 2515.02, Harris County, Texas","10276","475","001","Total population",
"1400000US48201422302","Census Tract 4223.02, Harris County, Texas","2338","374","001","Total population",
"1400000US48201530700","Census Tract 5307, Harris County, Texas","5650","596","001","Total population",
"1400000US48201241102","Census Tract 2411.02, Harris County, Texas","11452","690","001","Total population",
"1400000US48201421102","Census Tract 4211.02, Harris County, Texas","5552","840","001","Total population",
"1400000US48201510500","Census Tract 5105, Harris County, Texas","2683","320","001","Total population",
"1400000US48201220700","Census Tract 2207, Harris County, Texas","5956","879","001","Total population",
"1400000US48201541601","Census Tract 5416.01, Harris County, Texas","4314","312","001","Total population",
"1400000US48201314400","Census Tract 3144, Harris County, Texas","3033","309","001","Total population",
"1400000US48201531800","Census Tract 5318, Harris County, Texas","2260","423","001","Total population",
"1400000US48201343100","Census Tract 3431, Harris County, Texas","4915","410","001","Total population",
"1400000US48201410100","Census Tract 4101, Harris County, Texas","3844","348","001","Total population",
"1400000US48201411600","Census Tract 4116, Harris County, Texas","2262","178","001","Total population",
"1400000US48201420600","Census Tract 4206, Harris County, Texas","2297","253","001","Total population",
"1400000US48201423100","Census Tract 4231, Harris County, Texas","2958","500","001","Total population",
"1400000US48201451402","Census Tract 4514.02, Harris County, Texas","4455","621","001","Total population",
"1400000US48201342200","Census Tract 3422, Harris County, Texas","4567","610","001","Total population",
"1400000US48201432100","Census Tract 4321, Harris County, Texas","4592","620","001","Total population",
"1400000US48201330303","Census Tract 3303.03, Harris County, Texas","3350","542","001","Total population",
"1400000US48201222401","Census Tract 2224.01, Harris County, Texas","2875","549","001","Total population",
"1400000US48201233701","Census Tract 2337.01, Harris County, Texas","5474","488","001","Total population",
"1400000US48201312500","Census Tract 3125, Harris County, Texas","3065","517","001","Total population",
"1400000US48201341800","Census Tract 3418, Harris County, Texas","1903","239","001","Total population",
"1400000US48201230800","Census Tract 2308, Harris County, Texas","2434","376","001","Total population",
"1400000US48201231900","Census Tract 2319, Harris County, Texas","6833","1025","001","Total population",
"1400000US48201313100","Census Tract 3131, Harris County, Texas","3018","440","001","Total population",
"1400000US48201421300","Census Tract 4213, Harris County, Texas","5828","863","001","Total population",
"1400000US48201420400","Census Tract 4204, Harris County, Texas","3702","269","001","Total population",
"1400000US48201430200","Census Tract 4302, Harris County, Texas","1372","178","001","Total population",
"1400000US48201554001","Census Tract 5540.01, Harris County, Texas","3177","305","001","Total population",
"1400000US48201211700","Census Tract 2117, Harris County, Texas","3318","400","001","Total population",
"1400000US48201240100","Census Tract 2401, Harris County, Texas","3441","530","001","Total population",
"1400000US48201231100","Census Tract 2311, Harris County, Texas","4696","706","001","Total population",
"1400000US48201232701","Census Tract 2327.01, Harris County, Texas","7521","842","001","Total population",
"1400000US48201453401","Census Tract 4534.01, Harris County, Texas","2478","413","001","Total population",
"1400000US48201530100","Census Tract 5301, Harris County, Texas","6950","732","001","Total population",
"1400000US48201532400","Census Tract 5324, Harris County, Texas","5250","594","001","Total population",
"1400000US48201333201","Census Tract 3332.01, Harris County, Texas","5014","586","001","Total population",
"1400000US48201420200","Census Tract 4202, Harris County, Texas","2586","317","001","Total population",
"1400000US48201432001","Census Tract 4320.01, Harris County, Texas","2805","330","001","Total population",
"1400000US48201331300","Census Tract 3313, Harris County, Texas","5021","621","001","Total population",
"1400000US48201333901","Census Tract 3339.01, Harris County, Texas","6928","582","001","Total population",
"1400000US48201250500","Census Tract 2505, Harris County, Texas","5313","398","001","Total population",
"1400000US48201521000","Census Tract 5210, Harris County, Texas","2611","499","001","Total population",
"1400000US48201540501","Census Tract 5405.01, Harris County, Texas","5851","973","001","Total population",
"1400000US48201431600","Census Tract 4316, Harris County, Texas","3323","276","001","Total population",
"1400000US48201540601","Census Tract 5406.01, Harris County, Texas","2760","250","001","Total population",
"1400000US48201552700","Census Tract 5527, Harris County, Texas","7574","727","001","Total population",
"1400000US48201321200","Census Tract 3212, Harris County, Texas","3784","544","001","Total population",
"1400000US48201411100","Census Tract 4111, Harris County, Texas","3616","388","001","Total population",
"1400000US48201520700","Census Tract 5207, Harris County, Texas","4042","685","001","Total population",
"1400000US48201540902","Census Tract 5409.02, Harris County, Texas","6783","668","001","Total population",
"1400000US48201310900","Census Tract 3109, Harris County, Texas","5809","595","001","Total population",
"1400000US48201310600","Census Tract 3106, Harris County, Texas","6379","851","001","Total population",
"1400000US48201452500","Census Tract 4525, Harris County, Texas","7955","750","001","Total population",
"1400000US48201511302","Census Tract 5113.02, Harris County, Texas","4157","461","001","Total population",
"1400000US48201343302","Census Tract 3433.02, Harris County, Texas","4817","435","001","Total population",
"1400000US48201232302","Census Tract 2323.02, Harris County, Texas","8699","718","001","Total population",
"1400000US48201210900","Census Tract 2109, Harris County, Texas","1844","235","001","Total population",
"1400000US48201252000","Census Tract 2520, Harris County, Texas","8800","668","001","Total population",
"1400000US48201532502","Census Tract 5325.02, Harris County, Texas","5270","749","001","Total population",
"1400000US48201543001","Census Tract 5430.01, Harris County, Texas","3948","419","001","Total population",
"1400000US48201250200","Census Tract 2502, Harris County, Texas","7488","723","001","Total population",
"1400000US48201431302","Census Tract 4313.02, Harris County, Texas","3871","274","001","Total population",
"1400000US48201451800","Census Tract 4518, Harris County, Texas","5387","592","001","Total population",
"1400000US48201530300","Census Tract 5303, Harris County, Texas","2528","390","001","Total population",
"1400000US48201323500","Census Tract 3235, Harris County, Texas","4925","588","001","Total population",
"1400000US48201240400","Census Tract 2404, Harris County, Texas","6994","733","001","Total population",
"1400000US48201432300","Census Tract 4323, Harris County, Texas","5949","765","001","Total population",
"1400000US48201455102","Census Tract 4551.02, Harris County, Texas","3375","314","001","Total population",
"1400000US48201554200","Census Tract 5542, Harris County, Texas","5614","591","001","Total population",
"1400000US48201421500","Census Tract 4215, Harris County, Texas","5611","995","001","Total population",
"1400000US48201551702","Census Tract 5517.02, Harris County, Texas","4043","286","001","Total population",
"1400000US48201440100","Census Tract 4401, Harris County, Texas","5911","646","001","Total population",
"1400000US48201453100","Census Tract 4531, Harris County, Texas","3352","572","001","Total population",
"1400000US48201450500","Census Tract 4505, Harris County, Texas","2956","282","001","Total population",
"1400000US48201211000","Census Tract 2110, Harris County, Texas","1479","306","001","Total population",
"1400000US48201253000","Census Tract 2530, Harris County, Texas","3166","324","001","Total population",
"1400000US48201250402","Census Tract 2504.02, Harris County, Texas","11782","570","001","Total population",
"1400000US48201311700","Census Tract 3117, Harris County, Texas","5686","544","001","Total population",
"1400000US48201321900","Census Tract 3219, Harris County, Texas","5539","507","001","Total population",
"1400000US48201350801","Census Tract 3508.01, Harris County, Texas","5133","407","001","Total population",
"1400000US48201451500","Census Tract 4515, Harris County, Texas","4714","601","001","Total population",
"1400000US48201251300","Census Tract 2513, Harris County, Texas","7443","353","001","Total population",
"1400000US48201453300","Census Tract 4533, Harris County, Texas","3539","361","001","Total population",
"1400000US48201454600","Census Tract 4546, Harris County, Texas","3927","444","001","Total population",
"1400000US48201254000","Census Tract 2540, Harris County, Texas","3865","642","001","Total population",
"1400000US48201432902","Census Tract 4329.02, Harris County, Texas","4242","658","001","Total population",
"1400000US48201542302","Census Tract 5423.02, Harris County, Texas","5032","495","001","Total population",
"1400000US48201231400","Census Tract 2314, Harris County, Texas","2236","334","001","Total population",
"1400000US48201532001","Census Tract 5320.01, Harris County, Texas","5285","905","001","Total population",
"1400000US48201230200","Census Tract 2302, Harris County, Texas","5590","698","001","Total population",
"1400000US48201453700","Census Tract 4537, Harris County, Texas","8818","808","001","Total population",
"1400000US48201221900","Census Tract 2219, Harris County, Texas","4124","777","001","Total population",
"1400000US48201222600","Census Tract 2226, Harris County, Texas","5322","503","001","Total population",
"1400000US48201251200","Census Tract 2512, Harris County, Texas","5932","503","001","Total population",
"1400000US48201320800","Census Tract 3208, Harris County, Texas","5442","455","001","Total population",
"1400000US48201253400","Census Tract 2534, Harris County, Texas","1085","353","001","Total population",
"1400000US48201312000","Census Tract 3120, Harris County, Texas","3005","1445","001","Total population",
"1400000US48201541003","Census Tract 5410.03, Harris County, Texas","11929","614","001","Total population",
"1400000US48201223001","Census Tract 2230.01, Harris County, Texas","2837","461","001","Total population",
"1400000US48201310100","Census Tract 3101, Harris County, Texas","4891","640","001","Total population",
"1400000US48201520601","Census Tract 5206.01, Harris County, Texas","2781","502","001","Total population",
"1400000US48201331900","Census Tract 3319, Harris County, Texas","3269","366","001","Total population",
"1400000US48201311900","Census Tract 3119, Harris County, Texas","2562","305","001","Total population",
"1400000US48201511301","Census Tract 5113.01, Harris County, Texas","3425","396","001","Total population",
"1400000US48201550500","Census Tract 5505, Harris County, Texas","4283","414","001","Total population",
"1400000US48201551500","Census Tract 5515, Harris County, Texas","6523","519","001","Total population",
"1400000US48201211300","Census Tract 2113, Harris County, Texas","5280","896","001","Total population",
"1400000US48201522201","Census Tract 5222.01, Harris County, Texas","3573","601","001","Total population",
"1400000US48201550302","Census Tract 5503.02, Harris County, Texas","7329","642","001","Total population",
"1400000US48201211600","Census Tract 2116, Harris County, Texas","3173","386","001","Total population",
"1400000US48201311400","Census Tract 3114, Harris County, Texas","2221","475","001","Total population",
"1400000US48201323600","Census Tract 3236, Harris County, Texas","7789","634","001","Total population",
"1400000US48201452201","Census Tract 4522.01, Harris County, Texas","4618","513","001","Total population",
"1400000US48201541100","Census Tract 5411, Harris County, Texas","6331","341","001","Total population",
"1400000US48201541300","Census Tract 5413, Harris County, Texas","11354","774","001","Total population",
"1400000US48201251800","Census Tract 2518, Harris County, Texas","1672","231","001","Total population",
"1400000US48201410800","Census Tract 4108, Harris County, Texas","3687","554","001","Total population",
"1400000US48201422200","Census Tract 4222, Harris County, Texas","5730","988","001","Total population",
"1400000US48201331200","Census Tract 3312, Harris County, Texas","2973","466","001","Total population",
"1400000US48201340301","Census Tract 3403.01, Harris County, Texas","4227","287","001","Total population",
"1400000US48201330301","Census Tract 3303.01, Harris County, Texas","7462","543","001","Total population",
"1400000US48201451001","Census Tract 4510.01, Harris County, Texas","4914","710","001","Total population",
"1400000US48201411501","Census Tract 4115.01, Harris County, Texas","4242","474","001","Total population",
"1400000US48201412000","Census Tract 4120, Harris County, Texas","3037","326","001","Total population",
"1400000US48201312900","Census Tract 3129, Harris County, Texas","4276","529","001","Total population",
"1400000US48201553401","Census Tract 5534.01, Harris County, Texas","3598","459","001","Total population",
"1400000US48201330900","Census Tract 3309, Harris County, Texas","6552","674","001","Total population",
"1400000US48201252200","Census Tract 2522, Harris County, Texas","6127","541","001","Total population",
"1400000US48201412900","Census Tract 4129, Harris County, Texas","3904","444","001","Total population",
"1400000US48201334001","Census Tract 3340.01, Harris County, Texas","3240","798","001","Total population",
"1400000US48201210400","Census Tract 2104, Harris County, Texas","4926","463","001","Total population",
"1400000US48201222300","Census Tract 2223, Harris County, Texas","3602","363","001","Total population",
"1400000US48201324000","Census Tract 3240, Harris County, Texas","5677","354","001","Total population",
"1400000US48201510700","Census Tract 5107, Harris County, Texas","2946","332","001","Total population",
"1400000US48201522401","Census Tract 5224.01, Harris County, Texas","4674","937","001","Total population",
"1400000US48201333300","Census Tract 3333, Harris County, Texas","9123","801","001","Total population",
"1400000US48201220300","Census Tract 2203, Harris County, Texas","4651","620","001","Total population",
"1400000US48201421202","Census Tract 4212.02, Harris County, Texas","3942","797","001","Total population",
"1400000US48201532300","Census Tract 5323, Harris County, Texas","5008","524","001","Total population",
"1400000US48201240801","Census Tract 2408.01, Harris County, Texas","5940","742","001","Total population",
"1400000US48201422600","Census Tract 4226, Harris County, Texas","6542","810","001","Total population",
"1400000US48201520602","Census Tract 5206.02, Harris County, Texas","6285","973","001","Total population",
"1400000US48201310400","Census Tract 3104, Harris County, Texas","3694","420","001","Total population",
"1400000US48201231700","Census Tract 2317, Harris County, Texas","3270","581","001","Total population",
"1400000US48201521300","Census Tract 5213, Harris County, Texas","5521","501","001","Total population",
"1400000US48201232200","Census Tract 2322, Harris County, Texas","8771","937","001","Total population",
"1400000US48201433001","Census Tract 4330.01, Harris County, Texas","5505","867","001","Total population",
"1400000US48201222502","Census Tract 2225.02, Harris County, Texas","3595","683","001","Total population",
"1400000US48201230300","Census Tract 2303, Harris County, Texas","2679","710","001","Total population",
"1400000US48201413201","Census Tract 4132.01, Harris County, Texas","2260","421","001","Total population",
"1400000US48201420800","Census Tract 4208, Harris County, Texas","2794","232","001","Total population",
"1400000US48201550601","Census Tract 5506.01, Harris County, Texas","7337","505","001","Total population",
"1400000US48201552102","Census Tract 5521.02, Harris County, Texas","6729","461","001","Total population",
"1400000US48201313000","Census Tract 3130, Harris County, Texas","1981","295","001","Total population",
"1400000US48201410702","Census Tract 4107.02, Harris County, Texas","2302","453","001","Total population",
"1400000US48201422402","Census Tract 4224.02, Harris County, Texas","5771","820","001","Total population",
"1400000US48201540200","Census Tract 5402, Harris County, Texas","2602","258","001","Total population",
"1400000US48201340700","Census Tract 3407, Harris County, Texas","7675","600","001","Total population",
"1400000US48201250600","Census Tract 2506, Harris County, Texas","7342","769","001","Total population",
"1400000US48201451200","Census Tract 4512, Harris County, Texas","2682","181","001","Total population",
"1400000US48201343200","Census Tract 3432, Harris County, Texas","4749","420","001","Total population",
"1400000US48201422000","Census Tract 4220, Harris County, Texas","2647","169","001","Total population",
"1400000US48201552500","Census Tract 5525, Harris County, Texas","9957","536","001","Total population",
"1400000US48201433501","Census Tract 4335.01, Harris County, Texas","5892","900","001","Total population",
"1400000US48201540901","Census Tract 5409.01, Harris County, Texas","2801","527","001","Total population",
"1400000US48201232403","Census Tract 2324.03, Harris County, Texas","4860","573","001","Total population",
"1400000US48201323702","Census Tract 3237.02, Harris County, Texas","3276","574","001","Total population",
"1400000US48201312800","Census Tract 3128, Harris County, Texas","2659","428","001","Total population",
"1400000US48201422100","Census Tract 4221, Harris County, Texas","5655","637","001","Total population",
"1400000US48201453403","Census Tract 4534.03, Harris County, Texas","3473","464","001","Total population",
"1400000US48201552800","Census Tract 5528, Harris County, Texas","8170","504","001","Total population",
"1400000US48201332200","Census Tract 3322, Harris County, Texas","5578","724","001","Total population",
"1400000US48201222501","Census Tract 2225.01, Harris County, Texas","3507","694","001","Total population",
"1400000US48201320900","Census Tract 3209, Harris County, Texas","7724","645","001","Total population",
"1400000US48201531200","Census Tract 5312, Harris County, Texas","3080","514","001","Total population",
"1400000US48201552601","Census Tract 5526.01, Harris County, Texas","4178","536","001","Total population",
"1400000US48201331700","Census Tract 3317, Harris County, Texas","4037","511","001","Total population",
"1400000US48201433300","Census Tract 4333, Harris County, Texas","5356","462","001","Total population",
"1400000US48201542600","Census Tract 5426, Harris County, Texas","3741","494","001","Total population",
"1400000US48201555702","Census Tract 5557.02, Harris County, Texas","7918","401","001","Total population",
"1400000US48201240701","Census Tract 2407.01, Harris County, Texas","12628","913","001","Total population",
"1400000US48201253900","Census Tract 2539, Harris County, Texas","3817","400","001","Total population",
"1400000US48201314300","Census Tract 3143, Harris County, Texas","4073","612","001","Total population",
"1400000US48201324200","Census Tract 3242, Harris County, Texas","1748","290","001","Total population",
"1400000US48201531000","Census Tract 5310, Harris County, Texas","4325","302","001","Total population",
"1400000US48201232800","Census Tract 2328, Harris County, Texas","4768","503","001","Total population",
"1400000US48201420500","Census Tract 4205, Harris County, Texas","3742","599","001","Total population",
"1400000US48201551200","Census Tract 5512, Harris County, Texas","6041","670","001","Total population",
"1400000US48201554403","Census Tract 5544.03, Harris County, Texas","7696","455","001","Total population",
"1400000US48201211200","Census Tract 2112, Harris County, Texas","2617","351","001","Total population",
"1400000US48201232100","Census Tract 2321, Harris County, Texas","3593","1364","001","Total population",
"1400000US48201332300","Census Tract 3323, Harris County, Texas","2984","431","001","Total population",
"1400000US48201221000","Census Tract 2210, Harris County, Texas","3504","613","001","Total population",
"1400000US48201233101","Census Tract 2331.01, Harris County, Texas","3978","452","001","Total population",
"1400000US48201321700","Census Tract 3217, Harris County, Texas","3503","259","001","Total population",
"1400000US48201421402","Census Tract 4214.02, Harris County, Texas","3934","600","001","Total population",
"1400000US48201254100","Census Tract 2541, Harris County, Texas","4877","605","001","Total population",
"1400000US48201311000","Census Tract 3110, Harris County, Texas","8061","887","001","Total population",
"1400000US48201333600","Census Tract 3336, Harris County, Texas","2704","324","001","Total population",
"1400000US48201330302","Census Tract 3303.02, Harris County, Texas","5989","923","001","Total population",
"1400000US48201411800","Census Tract 4118, Harris County, Texas","5160","494","001","Total population",
"1400000US48201411300","Census Tract 4113, Harris County, Texas","3512","375","001","Total population",
"1400000US48201533000","Census Tract 5330, Harris County, Texas","1924","454","001","Total population",
"1400000US48201230400","Census Tract 2304, Harris County, Texas","3491","476","001","Total population",
"1400000US48201553002","Census Tract 5530.02, Harris County, Texas","4239","503","001","Total population",
"1400000US48201341502","Census Tract 3415.02, Harris County, Texas","3974","398","001","Total population",
"1400000US48201431202","Census Tract 4312.02, Harris County, Texas","4840","532","001","Total population",
"1400000US48201530800","Census Tract 5308, Harris County, Texas","3585","475","001","Total population",
"1400000US48201532501","Census Tract 5325.01, Harris County, Texas","8196","893","001","Total population",
"1400000US48201554903","Census Tract 5549.03, Harris County, Texas","10951","570","001","Total population",
"1400000US48201412400","Census Tract 4124, Harris County, Texas","4196","271","001","Total population",
"1400000US48201421900","Census Tract 4219, Harris County, Texas","2549","195","001","Total population",
"1400000US48201450300","Census Tract 4503, Harris County, Texas","7556","865","001","Total population",
"1400000US48201334100","Census Tract 3341, Harris County, Texas","8599","767","001","Total population",
"1400000US48201221200","Census Tract 2212, Harris County, Texas","5922","709","001","Total population",
"1400000US48201410600","Census Tract 4106, Harris County, Texas","3289","315","001","Total population",
"1400000US48201413300","Census Tract 4133, Harris County, Texas","6986","528","001","Total population",
"1400000US48201542900","Census Tract 5429, Harris County, Texas","9671","797","001","Total population",
"1400000US48201210700","Census Tract 2107, Harris County, Texas","2008","295","001","Total population",
"1400000US48201531600","Census Tract 5316, Harris County, Texas","2974","330","001","Total population",
"1400000US48201555502","Census Tract 5555.02, Harris County, Texas","15076","1023","001","Total population",
"1400000US48201321500","Census Tract 3215, Harris County, Texas","2535","344","001","Total population",
"1400000US48201431102","Census Tract 4311.02, Harris County, Texas","2677","326","001","Total population",
"1400000US48201431700","Census Tract 4317, Harris County, Texas","4463","320","001","Total population",
"1400000US48201455300","Census Tract 4553, Harris County, Texas","2025","309","001","Total population",
"1400000US48201533200","Census Tract 5332, Harris County, Texas","3769","753","001","Total population",
"1400000US48201233002","Census Tract 2330.02, Harris County, Texas","3925","333","001","Total population",
"1400000US48201531700","Census Tract 5317, Harris County, Texas","2923","257","001","Total population",
"1400000US48201342700","Census Tract 3427, Harris County, Texas","4877","394","001","Total population",
"1400000US48201320500","Census Tract 3205, Harris County, Texas","4890","285","001","Total population",
"1400000US48201421403","Census Tract 4214.03, Harris County, Texas","5209","931","001","Total population",
"1400000US48201433202","Census Tract 4332.02, Harris County, Texas","3332","559","001","Total population",
"1400000US48201251402","Census Tract 2514.02, Harris County, Texas","5968","473","001","Total population",
"1400000US48201554802","Census Tract 5548.02, Harris County, Texas","12863","971","001","Total population",
"1400000US48201340500","Census Tract 3405, Harris County, Texas","6408","456","001","Total population",
"1400000US48201251100","Census Tract 2511, Harris County, Texas","7756","667","001","Total population",
"1400000US48201542000","Census Tract 5420, Harris County, Texas","13863","788","001","Total population",
"1400000US48201251902","Census Tract 2519.02, Harris County, Texas","4489","430","001","Total population",
"1400000US48201412300","Census Tract 4123, Harris County, Texas","6704","308","001","Total population",
"1400000US48201413000","Census Tract 4130, Harris County, Texas","3313","370","001","Total population",
"1400000US48201420900","Census Tract 4209, Harris County, Texas","5951","280","001","Total population",
"1400000US48201233600","Census Tract 2336, Harris County, Texas","1699","259","001","Total population",
"1400000US48201250701","Census Tract 2507.01, Harris County, Texas","5685","416","001","Total population",
"1400000US48201553700","Census Tract 5537, Harris County, Texas","3737","271","001","Total population",
"1400000US48201343301","Census Tract 3433.01, Harris County, Texas","4219","336","001","Total population",
"1400000US48201320601","Census Tract 3206.01, Harris County, Texas","2614","411","001","Total population",
"1400000US48201510600","Census Tract 5106, Harris County, Texas","4030","486","001","Total population",
"1400000US48201342800","Census Tract 3428, Harris County, Texas","8402","368","001","Total population",
"1400000US48201313200","Census Tract 3132, Harris County, Texas","3798","620","001","Total population",
"1400000US48201452802","Census Tract 4528.02, Harris County, Texas","5371","711","001","Total population",
"1400000US48201551703","Census Tract 5517.03, Harris County, Texas","7702","553","001","Total population",
"1400000US48201331602","Census Tract 3316.02, Harris County, Texas","2392","604","001","Total population",
"1400000US48201252600","Census Tract 2526, Harris County, Texas","7770","760","001","Total population",
"1400000US48201532100","Census Tract 5321, Harris County, Texas","5748","545","001","Total population",
"1400000US48201330600","Census Tract 3306, Harris County, Texas","6867","632","001","Total population",
"1400000US48201211900","Census Tract 2119, Harris County, Texas","5143","484","001","Total population",
"1400000US48201411900","Census Tract 4119, Harris County, Texas","4382","881","001","Total population",
"1400000US48201550700","Census Tract 5507, Harris County, Texas","2832","264","001","Total population",
"1400000US48201231200","Census Tract 2312, Harris County, Texas","7055","739","001","Total population",
"1400000US48201240802","Census Tract 2408.02, Harris County, Texas","3304","586","001","Total population",
"1400000US48201241300","Census Tract 2413, Harris County, Texas","10082","747","001","Total population",
"1400000US48201314001","Census Tract 3140.01, Harris County, Texas","3369","623","001","Total population",
"1400000US48201432600","Census Tract 4326, Harris County, Texas","2144","331","001","Total population",
"1400000US48201454501","Census Tract 4545.01, Harris County, Texas","8376","400","001","Total population",
"1400000US48201210800","Census Tract 2108, Harris County, Texas","2276","523","001","Total population",
"1400000US48201420100","Census Tract 4201, Harris County, Texas","3213","452","001","Total population",
"1400000US48201555100","Census Tract 5551, Harris County, Texas","7134","443","001","Total population",
"1400000US48201540100","Census Tract 5401, Harris County, Texas","10770","711","001","Total population",
"1400000US48201550603","Census Tract 5506.03, Harris County, Texas","5722","555","001","Total population",
"1400000US48201554402","Census Tract 5544.02, Harris County, Texas","11975","911","001","Total population",
"1400000US48201251700","Census Tract 2517, Harris County, Texas","8145","636","001","Total population",
"1400000US48201422401","Census Tract 4224.01, Harris County, Texas","3852","563","001","Total population",
"1400000US48201451901","Census Tract 4519.01, Harris County, Texas","7438","678","001","Total population",
"1400000US48201521800","Census Tract 5218, Harris County, Texas","5469","423","001","Total population",
"1400000US48201330100","Census Tract 3301, Harris County, Texas","8904","615","001","Total population",
"1400000US48201511200","Census Tract 5112, Harris County, Texas","3913","408","001","Total population",
"1400000US48201555701","Census Tract 5557.01, Harris County, Texas","5812","332","001","Total population",
"1400000US48201250702","Census Tract 2507.02, Harris County, Texas","4655","206","001","Total population",
"1400000US48201321000","Census Tract 3210, Harris County, Texas","7337","694","001","Total population",
"1400000US48201432801","Census Tract 4328.01, Harris County, Texas","4365","517","001","Total population",
"1400000US48201340600","Census Tract 3406, Harris County, Texas","2542","97","001","Total population",
"1400000US48201250900","Census Tract 2509, Harris County, Texas","8713","457","001","Total population",
"1400000US48201531500","Census Tract 5315, Harris County, Texas","2970","270","001","Total population",
"1400000US48201342100","Census Tract 3421, Harris County, Texas","4180","476","001","Total population",
"1400000US48201323400","Census Tract 3234, Harris County, Texas","7620","575","001","Total population",
"1400000US48201554502","Census Tract 5545.02, Harris County, Texas","6443","295","001","Total population",
"1400000US48201454800","Census Tract 4548, Harris County, Texas","7156","543","001","Total population",
"1400000US48201455200","Census Tract 4552, Harris County, Texas","3959","464","001","Total population",
"1400000US48201520400","Census Tract 5204, Harris County, Texas","3306","506","001","Total population",
"1400000US48201550800","Census Tract 5508, Harris County, Texas","2804","273","001","Total population",
"1400000US48201551000","Census Tract 5510, Harris County, Texas","3000","359","001","Total population",
"1400000US48201552602","Census Tract 5526.02, Harris County, Texas","5296","524","001","Total population",
"1400000US48201421600","Census Tract 4216, Harris County, Texas","6600","815","001","Total population",
"1400000US48201542101","Census Tract 5421.01, Harris County, Texas","13823","1094","001","Total population",
"1400000US48201321402","Census Tract 3214.02, Harris County, Texas","4517","535","001","Total population",
"1400000US48201510800","Census Tract 5108, Harris County, Texas","6080","380","001","Total population",
"1400000US48201533802","Census Tract 5338.02, Harris County, Texas","5533","654","001","Total population",
"1400000US48201221400","Census Tract 2214, Harris County, Texas","6526","792","001","Total population",
"1400000US48201542500","Census Tract 5425, Harris County, Texas","2262","197","001","Total population",
"1400000US48201550402","Census Tract 5504.02, Harris County, Texas","9841","860","001","Total population",
"1400000US48201252800","Census Tract 2528, Harris County, Texas","4562","685","001","Total population",
"1400000US48201542102","Census Tract 5421.02, Harris County, Texas","12298","745","001","Total population",
"1400000US48201551300","Census Tract 5513, Harris County, Texas","3841","243","001","Total population",
"1400000US48201321100","Census Tract 3211, Harris County, Texas","7720","551","001","Total population",
"1400000US48201552001","Census Tract 5520.01, Harris County, Texas","8354","697","001","Total population",
"1400000US48201555401","Census Tract 5554.01, Harris County, Texas","2396","242","001","Total population",
"1400000US48201340202","Census Tract 3402.02, Harris County, Texas","5194","257","001","Total population",
"1400000US48201453800","Census Tract 4538, Harris County, Texas","4069","385","001","Total population",
"1400000US48201533901","Census Tract 5339.01, Harris County, Texas","8884","578","001","Total population",
"1400000US48201240901","Census Tract 2409.01, Harris County, Texas","6036","509","001","Total population",
"1400000US48201453200","Census Tract 4532, Harris County, Texas","6633","853","001","Total population",
"1400000US48201221500","Census Tract 2215, Harris County, Texas","7864","845","001","Total population",
"1400000US48201250401","Census Tract 2504.01, Harris County, Texas","11450","563","001","Total population",
"1400000US48201330700","Census Tract 3307, Harris County, Texas","7857","626","001","Total population",
"1400000US48201542200","Census Tract 5422, Harris County, Texas","15078","1013","001","Total population",
"1400000US48201555402","Census Tract 5554.02, Harris County, Texas","8177","408","001","Total population",
"1400000US48201555501","Census Tract 5555.01, Harris County, Texas","3960","500","001","Total population",
"1400000US48201423402","Census Tract 4234.02, Harris County, Texas","4119","488","001","Total population",
"1400000US48201432500","Census Tract 4325, Harris County, Texas","5682","727","001","Total population",
"1400000US48201511500","Census Tract 5115, Harris County, Texas","6206","611","001","Total population",
"1400000US48201534202","Census Tract 5342.02, Harris County, Texas","7989","695","001","Total population",
"1400000US48201552301","Census Tract 5523.01, Harris County, Texas","3824","313","001","Total population",
"1400000US48201553200","Census Tract 5532, Harris County, Texas","7408","1457","001","Total population",
"1400000US48201211400","Census Tract 2114, Harris County, Texas","4234","619","001","Total population",
"1400000US48201451601","Census Tract 4516.01, Harris County, Texas","5240","392","001","Total population",
"1400000US48201531400","Census Tract 5314, Harris County, Texas","2132","259","001","Total population",
"1400000US48201534001","Census Tract 5340.01, Harris County, Texas","2003","497","001","Total population",
"1400000US48201534100","Census Tract 5341, Harris County, Texas","7169","480","001","Total population",
"1400000US48201554002","Census Tract 5540.02, Harris County, Texas","4112","316","001","Total population",
"1400000US48201253800","Census Tract 2538, Harris County, Texas","7144","677","001","Total population",
"1400000US48201313800","Census Tract 3138, Harris County, Texas","4785","492","001","Total population",
"1400000US48201552103","Census Tract 5521.03, Harris County, Texas","3009","278","001","Total population",
"1400000US48201554301","Census Tract 5543.01, Harris County, Texas","6964","422","001","Total population",
"1400000US48201350300","Census Tract 3503, Harris County, Texas","5724","610","001","Total population",
"1400000US48201322200","Census Tract 3222, Harris County, Texas","1570","378","001","Total population",
"1400000US48201453501","Census Tract 4535.01, Harris County, Texas","6205","531","001","Total population",
"1400000US48201542400","Census Tract 5424, Harris County, Texas","7892","734","001","Total population",
"1400000US48201543200","Census Tract 5432, Harris County, Texas","6040","743","001","Total population",
"1400000US48201311600","Census Tract 3116, Harris County, Texas","4084","568","001","Total population",
"1400000US48201532800","Census Tract 5328, Harris County, Texas","1857","420","001","Total population",
"1400000US48201331601","Census Tract 3316.01, Harris County, Texas","5868","670","001","Total population",
"1400000US48201333700","Census Tract 3337, Harris County, Texas","3696","412","001","Total population",
"1400000US48201241200","Census Tract 2412, Harris County, Texas","6507","705","001","Total population",
"1400000US48201451300","Census Tract 4513, Harris County, Texas","7159","513","001","Total population",
"1400000US48201531300","Census Tract 5313, Harris County, Texas","5015","617","001","Total population",
"1400000US48201221700","Census Tract 2217, Harris County, Texas","7551","938","001","Total population",
"1400000US48201254400","Census Tract 2544, Harris County, Texas","3455","532","001","Total population",
"1400000US48201511600","Census Tract 5116, Harris County, Texas","4619","566","001","Total population",
"1400000US48201541201","Census Tract 5412.01, Harris County, Texas","8383","484","001","Total population",
"1400000US48201552101","Census Tract 5521.01, Harris County, Texas","4398","837","001","Total population",
"1400000US48201342001","Census Tract 3420.01, Harris County, Texas","6978","441","001","Total population",
"1400000US48201222000","Census Tract 2220, Harris County, Texas","2228","600","001","Total population",
"1400000US48201423401","Census Tract 4234.01, Harris County, Texas","5214","659","001","Total population",
"1400000US48201332100","Census Tract 3321, Harris County, Texas","3349","707","001","Total population",
"1400000US48201341400","Census Tract 3414, Harris County, Texas","5400","436","001","Total population",
"1400000US48201231000","Census Tract 2310, Harris County, Texas","4217","636","001","Total population",
"1400000US48201313900","Census Tract 3139, Harris County, Texas","3780","701","001","Total population",
"1400000US48201423500","Census Tract 4235, Harris County, Texas","2298","310","001","Total population",
"1400000US48201451100","Census Tract 4511, Harris County, Texas","3983","440","001","Total population",
"1400000US48201454302","Census Tract 4543.02, Harris County, Texas","6443","452","001","Total population",
"1400000US48201532200","Census Tract 5322, Harris County, Texas","2762","415","001","Total population",
"1400000US48201454200","Census Tract 4542, Harris County, Texas","4509","431","001","Total population",
"1400000US48201220500","Census Tract 2205, Harris County, Texas","4842","739","001","Total population",
"1400000US48201310500","Census Tract 3105, Harris County, Texas","4721","659","001","Total population",
"1400000US48201323900","Census Tract 3239, Harris County, Texas","3487","473","001","Total population",
"1400000US48201421401","Census Tract 4214.01, Harris County, Texas","3281","595","001","Total population",
"1400000US48201452600","Census Tract 4526, Harris County, Texas","6065","789","001","Total population",
"1400000US48201553500","Census Tract 5535, Harris County, Texas","6079","495","001","Total population",
"1400000US48201331500","Census Tract 3315, Harris County, Texas","7296","660","001","Total population",
"1400000US48201350700","Census Tract 3507, Harris County, Texas","1918","146","001","Total population",
"1400000US48201520200","Census Tract 5202, Harris County, Texas","3212","416","001","Total population",
"1400000US48201343700","Census Tract 3437, Harris County, Texas","2999","402","001","Total population",
"1400000US48201312400","Census Tract 3124, Harris County, Texas","2048","552","001","Total population",
"1400000US48201411000","Census Tract 4110, Harris County, Texas","3167","377","001","Total population",
"1400000US48201433100","Census Tract 4331, Harris County, Texas","2240","602","001","Total population",
"1400000US48201254300","Census Tract 2543, Harris County, Texas","4990","594","001","Total population",
"1400000US48201254500","Census Tract 2545, Harris County, Texas","2253","493","001","Total population",
"1400000US48201313600","Census Tract 3136, Harris County, Texas","4533","600","001","Total population",
"1400000US48201232401","Census Tract 2324.01, Harris County, Texas","7153","792","001","Total population",
"1400000US48201254700","Census Tract 2547, Harris County, Texas","2473","362","001","Total population",
"1400000US48201412800","Census Tract 4128, Harris County, Texas","4857","261","001","Total population",
"1400000US48201420700","Census Tract 4207, Harris County, Texas","3202","231","001","Total population",
"1400000US48201451700","Census Tract 4517, Harris County, Texas","2672","349","001","Total population",
"1400000US48201552302","Census Tract 5523.02, Harris County, Texas","4572","583","001","Total population",
"1400000US48201343000","Census Tract 3430, Harris County, Texas","6857","617","001","Total population",
"1400000US48201220900","Census Tract 2209, Harris County, Texas","1760","297","001","Total population",
"1400000US48201452100","Census Tract 4521, Harris County, Texas","7232","628","001","Total population",
"1400000US48201511001","Census Tract 5110.01, Harris County, Texas","2838","330","001","Total population",
"1400000US48201522500","Census Tract 5225, Harris County, Texas","4418","126","001","Total population",
"1400000US48201333100","Census Tract 3331, Harris County, Texas","3390","465","001","Total population",
"1400000US48201240501","Census Tract 2405.01, Harris County, Texas","4867","502","001","Total population",
"1400000US48201413100","Census Tract 4131, Harris County, Texas","3047","226","001","Total population",
"1400000US48201421201","Census Tract 4212.01, Harris County, Texas","3987","600","001","Total population",
"1400000US48201541500","Census Tract 5415, Harris County, Texas","5234","422","001","Total population",
"1400000US48201542700","Census Tract 5427, Harris County, Texas","4420","345","001","Total population",
"1400000US48201333800","Census Tract 3338, Harris County, Texas","9642","721","001","Total population",
"1400000US48201222700","Census Tract 2227, Harris County, Texas","5263","533","001","Total population",
"1400000US48201350802","Census Tract 3508.02, Harris County, Texas","5975","428","001","Total population",
"1400000US48201510100","Census Tract 5101, Harris County, Texas","1524","234","001","Total population",
"1400000US48201543100","Census Tract 5431, Harris County, Texas","2085","524","001","Total population",
"1400000US48201233300","Census Tract 2333, Harris County, Texas","5051","489","001","Total population",
"1400000US48201541900","Census Tract 5419, Harris County, Texas","6176","486","001","Total population",
"1400000US48201554302","Census Tract 5543.02, Harris County, Texas","4861","460","001","Total population",
"1400000US48201350200","Census Tract 3502, Harris County, Texas","8824","733","001","Total population",
"1400000US48201310700","Census Tract 3107, Harris County, Texas","4646","601","001","Total population",
"1400000US48201313300","Census Tract 3133, Harris County, Texas","2413","342","001","Total population",
"1400000US48201321800","Census Tract 3218, Harris County, Texas","4005","305","001","Total population",
"1400000US48201350602","Census Tract 3506.02, Harris County, Texas","8186","654","001","Total population",
"1400000US48201341100","Census Tract 3411, Harris County, Texas","3990","425","001","Total population",
"1400000US48201252700","Census Tract 2527, Harris County, Texas","4108","388","001","Total population",
"1400000US48201421800","Census Tract 4218, Harris County, Texas","4886","501","001","Total population",
"1400000US48201433400","Census Tract 4334, Harris County, Texas","3982","396","001","Total population",
"1400000US48201533400","Census Tract 5334, Harris County, Texas","9290","1118","001","Total population",
"1400000US48201553600","Census Tract 5536, Harris County, Texas","6302","489","001","Total population",
"1400000US48201252900","Census Tract 2529, Harris County, Texas","8233","985","001","Total population",
"1400000US48201510900","Census Tract 5109, Harris County, Texas","5179","963","001","Total population",
"1400000US48201530900","Census Tract 5309, Harris County, Texas","4548","567","001","Total population",
"1400000US48201323701","Census Tract 3237.01, Harris County, Texas","4103","501","001","Total population",
"1400000US48201421101","Census Tract 4211.01, Harris County, Texas","3404","665","001","Total population",
"1400000US48201511400","Census Tract 5114, Harris County, Texas","3392","479","001","Total population",
"1400000US48201554401","Census Tract 5544.01, Harris County, Texas","12456","826","001","Total population",
"1400000US48201233200","Census Tract 2332, Harris County, Texas","6269","534","001","Total population",
"1400000US48201430300","Census Tract 4303, Harris County, Texas","4326","47","001","Total population",
"1400000US48201533702","Census Tract 5337.02, Harris County, Texas","3294","471","001","Total population",
"1400000US48201332900","Census Tract 3329, Harris County, Texas","5511","554","001","Total population",
"1400000US48201350500","Census Tract 3505, Harris County, Texas","6616","619","001","Total population",
"1400000US48201410900","Census Tract 4109, Harris County, Texas","2435","310","001","Total population",
"1400000US48201212400","Census Tract 2124, Harris County, Texas","3633","617","001","Total population",
"1400000US48201230600","Census Tract 2306, Harris County, Texas","2411","354","001","Total population",
"1400000US48201452202","Census Tract 4522.02, Harris County, Texas","2517","331","001","Total population",
"1400000US48201454000","Census Tract 4540, Harris County, Texas","4823","523","001","Total population",
"1400000US48201530600","Census Tract 5306, Harris County, Texas","3121","447","001","Total population",
"1400000US48201541602","Census Tract 5416.02, Harris County, Texas","10001","741","001","Total population",
"1400000US48201233703","Census Tract 2337.03, Harris County, Texas","2460","278","001","Total population",
"1400000US48201250100","Census Tract 2501, Harris County, Texas","7316","770","001","Total population",
"1400000US48201253600","Census Tract 2536, Harris County, Texas","5546","563","001","Total population",
"1400000US48201520300","Census Tract 5203, Harris County, Texas","5010","543","001","Total population",
"1400000US48201521200","Census Tract 5212, Harris County, Texas","6373","830","001","Total population",
"1400000US48201221800","Census Tract 2218, Harris County, Texas","3374","497","001","Total population",
"1400000US48201233001","Census Tract 2330.01, Harris County, Texas","3074","735","001","Total population",
"1400000US48201322600","Census Tract 3226, Harris County, Texas","5316","499","001","Total population",
"1400000US48201431502","Census Tract 4315.02, Harris County, Texas","3313","418","001","Total population",
"1400000US48201520500","Census Tract 5205, Harris County, Texas","6874","815","001","Total population",
"1400000US48201541001","Census Tract 5410.01, Harris County, Texas","8461","640","001","Total population",
"1400000US48201542800","Census Tract 5428, Harris County, Texas","6646","334","001","Total population",
"1400000US48201431301","Census Tract 4313.01, Harris County, Texas","4233","480","001","Total population",
"1400000US48201312100","Census Tract 3121, Harris County, Texas","1092","486","001","Total population",
"1400000US48201521500","Census Tract 5215, Harris County, Texas","6198","743","001","Total population",
"1400000US48201541400","Census Tract 5414, Harris County, Texas","12737","839","001","Total population",
"1400000US48201555302","Census Tract 5553.02, Harris County, Texas","6819","513","001","Total population",
"1400000US48201252500","Census Tract 2525, Harris County, Texas","4416","630","001","Total population",
"1400000US48201510300","Census Tract 5103, Harris County, Texas","5503","608","001","Total population",
"1400000US48201253500","Census Tract 2535, Harris County, Texas","8644","680","001","Total population",
"1400000US48201432702","Census Tract 4327.02, Harris County, Texas","2562","304","001","Total population",
"1400000US48201522302","Census Tract 5223.02, Harris County, Texas","4072","600","001","Total population",
"1400000US48201554700","Census Tract 5547, Harris County, Texas","6733","448","001","Total population",
"1400000US48201230500","Census Tract 2305, Harris County, Texas","4400","644","001","Total population",
"1400000US48201340203","Census Tract 3402.03, Harris County, Texas","4160","229","001","Total population",
"1400000US48201341600","Census Tract 3416, Harris County, Texas","5546","478","001","Total population",
"1400000US48201350601","Census Tract 3506.01, Harris County, Texas","3979","489","001","Total population",
"1400000US48201530500","Census Tract 5305, Harris County, Texas","4718","648","001","Total population",
"1400000US48201554101","Census Tract 5541.01, Harris County, Texas","890","181","001","Total population",
"1400000US48201223002","Census Tract 2230.02, Harris County, Texas","4252","516","001","Total population",
"1400000US48201423302","Census Tract 4233.02, Harris County, Texas","4517","519","001","Total population",
"1400000US48201433502","Census Tract 4335.02, Harris County, Texas","6178","979","001","Total population",
"1400000US48201254600","Census Tract 2546, Harris County, Texas","3814","412","001","Total population",
"1400000US48201412500","Census Tract 4125, Harris County, Texas","1691","76","001","Total population",
"1400000US48201522100","Census Tract 5221, Harris County, Texas","7601","729","001","Total population",
"1400000US48201550900","Census Tract 5509, Harris County, Texas","8755","794","001","Total population",
"1400000US48201540502","Census Tract 5405.02, Harris County, Texas","5274","441","001","Total population",
"1400000US48201320200","Census Tract 3202, Harris County, Texas","6976","748","001","Total population",
"1400000US48201453402","Census Tract 4534.02, Harris County, Texas","8109","838","001","Total population",
"1400000US48201510400","Census Tract 5104, Harris County, Texas","4322","391","001","Total population",
"1400000US48201551600","Census Tract 5516, Harris County, Texas","8350","688","001","Total population",
"1400000US48201340800","Census Tract 3408, Harris County, Texas","5894","317","001","Total population",
"1400000US48201230900","Census Tract 2309, Harris County, Texas","3815","456","001","Total population",
"1400000US48201253700","Census Tract 2537, Harris County, Texas","5177","582","001","Total population",
"1400000US48201320100","Census Tract 3201, Harris County, Texas","2853","451","001","Total population",
"1400000US48201322000","Census Tract 3220, Harris County, Texas","4940","694","001","Total population",
"1400000US48201432901","Census Tract 4329.01, Harris County, Texas","3656","467","001","Total population",
"1400000US48201222800","Census Tract 2228, Harris County, Texas","3804","695","001","Total population",
"1400000US48201542301","Census Tract 5423.01, Harris County, Texas","12023","624","001","Total population",
"1400000US48201550401","Census Tract 5504.01, Harris County, Texas","8938","727","001","Total population",
"1400000US48201340900","Census Tract 3409, Harris County, Texas","4447","617","001","Total population",
"1400000US48201231300","Census Tract 2313, Harris County, Texas","4370","495","001","Total population",
"1400000US48201233103","Census Tract 2331.03, Harris County, Texas","4352","474","001","Total population",
"1400000US48201321300","Census Tract 3213, Harris County, Texas","5725","787","001","Total population",
"1400000US48201410200","Census Tract 4102, Harris County, Texas","3882","366","001","Total population",
"1400000US48201452700","Census Tract 4527, Harris County, Texas","9407","808","001","Total population",
"1400000US48201541203","Census Tract 5412.03, Harris County, Texas","2739","369","001","Total population",
"1400000US48201553402","Census Tract 5534.02, Harris County, Texas","6621","438","001","Total population",
"1400000US48201241000","Census Tract 2410, Harris County, Texas","8505","639","001","Total population",
"1400000US48201254200","Census Tract 2542, Harris County, Texas","3015","303","001","Total population",
"1400000US48201313400","Census Tract 3134, Harris County, Texas","2974","310","001","Total population",
"1400000US48201323802","Census Tract 3238.02, Harris County, Texas","4999","418","001","Total population",
"1400000US48201420300","Census Tract 4203, Harris County, Texas","3442","383","001","Total population",
"1400000US48201454900","Census Tract 4549, Harris County, Texas","9491","470","001","Total population",
"1400000US48201533100","Census Tract 5331, Harris County, Texas","6713","716","001","Total population",
"1400000US48201533801","Census Tract 5338.01, Harris County, Texas","7005","685","001","Total population",
"1400000US48201533902","Census Tract 5339.02, Harris County, Texas","4582","650","001","Total population",
"1400000US48201553100","Census Tract 5531, Harris County, Texas","6774","613","001","Total population",
"1400000US48201411200","Census Tract 4112, Harris County, Texas","2162","223","001","Total population",
"1400000US48201430500","Census Tract 4305, Harris County, Texas","2526","49","001","Total population",
"1400000US48201553801","Census Tract 5538.01, Harris County, Texas","2595","301","001","Total population",
"1400000US48201553900","Census Tract 5539, Harris County, Texas","7837","435","001","Total population",
"1400000US48201322100","Census Tract 3221, Harris County, Texas","3727","538","001","Total population",
"1400000US48201212500","Census Tract 2125, Harris County, Texas","4121","407","001","Total population",
"1400000US48201454700","Census Tract 4547, Harris County, Texas","6958","385","001","Total population",
"1400000US48201553001","Census Tract 5530.01, Harris County, Texas","4989","608","001","Total population",
"1400000US48201100000","Census Tract 1000, Harris County, Texas","3853","674","001","Total population",
"1400000US48201350100","Census Tract 3501, Harris County, Texas","14012","855","001","Total population",
"1400000US48201211100","Census Tract 2111, Harris County, Texas","6991","963","001","Total population",
"1400000US48201251501","Census Tract 2515.01, Harris County, Texas","5055","400","001","Total population",
"1400000US48201451401","Census Tract 4514.01, Harris County, Texas","2762","352","001","Total population",
"1400000US48201330500","Census Tract 3305, Harris County, Texas","4310","753","001","Total population",
"1400000US48201240600","Census Tract 2406, Harris County, Texas","2805","479","001","Total population",
"1400000US48201550200","Census Tract 5502, Harris County, Texas","3208","410","001","Total population",
"1400000US48201311200","Census Tract 3112, Harris County, Texas","5365","656","001","Total population",
"1400000US48201410701","Census Tract 4107.01, Harris County, Texas","3308","392","001","Total population",
"1400000US48201534003","Census Tract 5340.03, Harris County, Texas","2396","409","001","Total population",
"1400000US48201553300","Census Tract 5533, Harris County, Texas","3371","611","001","Total population",
"1400000US48201222503","Census Tract 2225.03, Harris County, Texas","7454","920","001","Total population",
"1400000US48201413202","Census Tract 4132.02, Harris County, Texas","3096","566","001","Total population",
"1400000US48201554102","Census Tract 5541.02, Harris County, Texas","10079","663","001","Total population",
"1400000US48201222200","Census Tract 2222, Harris County, Texas","3835","576","001","Total population",
"1400000US48201311100","Census Tract 3111, Harris County, Texas","5729","733","001","Total population",
"1400000US48201430400","Census Tract 4304, Harris County, Texas","3116","29","001","Total population",
"1400000US48201340201","Census Tract 3402.01, Harris County, Texas","1805","169","001","Total population",
"1400000US48201543002","Census Tract 5430.02, Harris County, Texas","7199","529","001","Total population",
"1400000US48201550100","Census Tract 5501, Harris County, Texas","4576","600","001","Total population",
"1400000US48201453000","Census Tract 4530, Harris County, Texas","7625","801","001","Total population",
"1400000US48201541700","Census Tract 5417, Harris County, Texas","8727","719","001","Total population",
"1400000US48201312700","Census Tract 3127, Harris County, Texas","2115","414","001","Total population",
"1400000US48201430600","Census Tract 4306, Harris County, Texas","3624","24","001","Total population",
"1400000US48201455000","Census Tract 4550, Harris County, Texas","2726","234","001","Total population",
"1400000US48201510200","Census Tract 5102, Harris County, Texas","4511","436","001","Total population",
"1400000US48201554501","Census Tract 5545.01, Harris County, Texas","5043","495","001","Total population",
"1400000US48201312600","Census Tract 3126, Harris County, Texas","4728","521","001","Total population",
"1400000US48201555303","Census Tract 5553.03, Harris County, Texas","3301","446","001","Total population",
"1400000US48201251600","Census Tract 2516, Harris County, Texas","5217","363","001","Total population",
"1400000US48201314002","Census Tract 3140.02, Harris County, Texas","7411","636","001","Total population",
"1400000US48201450200","Census Tract 4502, Harris County, Texas","4901","228","001","Total population",
"1400000US48201521400","Census Tract 5214, Harris County, Texas","7827","886","001","Total population",
"1400000US48201521900","Census Tract 5219, Harris County, Texas","6081","550","001","Total population",
"1400000US48201321401","Census Tract 3214.01, Harris County, Texas","4195","399","001","Total population",
"1400000US48201422701","Census Tract 4227.01, Harris County, Texas","4303","557","001","Total population",
"1400000US48201423202","Census Tract 4232.02, Harris County, Texas","7286","919","001","Total population",
"1400000US48201341201","Census Tract 3412.01, Harris County, Texas","3154","450","001","Total population",
"1400000US48201341302","Census Tract 3413.02, Harris County, Texas","2840","285","001","Total population",
"1400000US48201250800","Census Tract 2508, Harris County, Texas","8145","380","001","Total population",
"1400000US48201450801","Census Tract 4508.01, Harris County, Texas","2242","270","001","Total population",
"1400000US48201331100","Census Tract 3311, Harris County, Texas","3307","469","001","Total population",
"1400000US48201332400","Census Tract 3324, Harris County, Texas","4845","844","001","Total population",
"1400000US48201333902","Census Tract 3339.02, Harris County, Texas","7620","628","001","Total population",
"1400000US48201423301","Census Tract 4233.01, Harris County, Texas","3888","527","001","Total population",
"1400000US48201330400","Census Tract 3304, Harris County, Texas","4632","476","001","Total population",
"1400000US48201431802","Census Tract 4318.02, Harris County, Texas","2980","420","001","Total population",
"1400000US48201431900","Census Tract 4319, Harris County, Texas","3062","332","001","Total population",
"1400000US48201251401","Census Tract 2514.01, Harris County, Texas","2486","234","001","Total population",
"1400000US48201511100","Census Tract 5111, Harris County, Texas","2329","291","001","Total population",
"1400000US48201543003","Census Tract 5430.03, Harris County, Texas","12812","897","001","Total population",
"1400000US48201341000","Census Tract 3410, Harris County, Texas","6972","877","001","Total population",
"1400000US48201551800","Census Tract 5518, Harris County, Texas","4461","346","001","Total population",
"1400000US48201522202","Census Tract 5222.02, Harris County, Texas","3451","579","001","Total population",
"1400000US48201522301","Census Tract 5223.01, Harris County, Texas","5745","846","001","Total population",
"1400000US48201554801","Census Tract 5548.01, Harris County, Texas","12229","670","001","Total population",
"1400000US48201422500","Census Tract 4225, Harris County, Texas","6176","681","001","Total population",
"1400000US48201453502","Census Tract 4535.02, Harris County, Texas","3365","350","001","Total population",
"1400000US48201550301","Census Tract 5503.01, Harris County, Texas","7303","632","001","Total population",
"1400000US48201552002","Census Tract 5520.02, Harris County, Texas","1430","298","001","Total population",
"1400000US48201331400","Census Tract 3314, Harris County, Texas","3077","587","001","Total population",
"1400000US48201555200","Census Tract 5552, Harris County, Texas","5804","409","001","Total population",
"1400000US48201412200","Census Tract 4122, Harris County, Texas","5547","511","001","Total population",
"1400000US48201310200","Census Tract 3102, Harris County, Texas","1508","265","001","Total population",
"1400000US48201323801","Census Tract 3238.01, Harris County, Texas","3978","378","001","Total population",
"1400000US48201422900","Census Tract 4229, Harris County, Texas","4557","665","001","Total population",
"1400000US48201541202","Census Tract 5412.02, Harris County, Texas","8888","422","001","Total population",
"1400000US48201232600","Census Tract 2326, Harris County, Texas","3159","329","001","Total population",
"1400000US48201432200","Census Tract 4322, Harris County, Texas","4418","428","001","Total population",
"1400000US48201232500","Census Tract 2325, Harris County, Texas","2941","763","001","Total population",
"1400000US48201312200","Census Tract 3122, Harris County, Texas","2069","341","001","Total population",
"1400000US48201553403","Census Tract 5534.03, Harris County, Texas","6080","532","001","Total population",
"1400000US48201331800","Census Tract 3318, Harris County, Texas","3744","589","001","Total population",
"1400000US48201431801","Census Tract 4318.01, Harris County, Texas","2694","424","001","Total population",
"1400000US48201340400","Census Tract 3404, Harris County, Texas","1490","136","001","Total population",
"1400000US48201240702","Census Tract 2407.02, Harris County, Texas","7893","793","001","Total population",
"1400000US48201343600","Census Tract 3436, Harris County, Texas","3618","388","001","Total population",
"1400000US48201241101","Census Tract 2411.01, Harris County, Texas","4423","526","001","Total population",
"1400000US48201521600","Census Tract 5216, Harris County, Texas","3235","404","001","Total population",
"1400000US48201555000","Census Tract 5550, Harris County, Texas","7804","489","001","Total population",
"1400000US48201341202","Census Tract 3412.02, Harris County, Texas","4877","327","001","Total population",
"1400000US48201430900","Census Tract 4309, Harris County, Texas","5507","514","001","Total population",
"1400000US48201432002","Census Tract 4320.02, Harris County, Texas","4478","555","001","Total population",
"1400000US48201522402","Census Tract 5224.02, Harris County, Texas","3844","517","001","Total population",
"1400000US48201342400","Census Tract 3424, Harris County, Texas","3524","455","001","Total population",
"1400000US48201452801","Census Tract 4528.01, Harris County, Texas","6280","713","001","Total population",
"1400000US48201240902","Census Tract 2409.02, Harris County, Texas","10640","808","001","Total population",
"1400000US48201322700","Census Tract 3227, Harris County, Texas","7046","642","001","Total population",
"1400000US48201453602","Census Tract 4536.02, Harris County, Texas","7609","814","001","Total population",
"1400000US48201233500","Census Tract 2335, Harris County, Texas","7752","302","001","Total population",
"1400000US48201450900","Census Tract 4509, Harris County, Texas","2537","319","001","Total population",
"1400000US48201555301","Census Tract 5553.01, Harris County, Texas","1295","172","001","Total population",
"1400000US48201233702","Census Tract 2337.02, Harris County, Texas","2862","470","001","Total population",
"1400000US48201320700","Census Tract 3207, Harris County, Texas","4111","396","001","Total population",
"1400000US48201410500","Census Tract 4105, Harris County, Texas","4173","370","001","Total population",
"1400000US48201411400","Census Tract 4114, Harris County, Texas","3006","324","001","Total population",
"1400000US48201540602","Census Tract 5406.02, Harris County, Texas","6994","637","001","Total population",
"1400000US48201553802","Census Tract 5538.02, Harris County, Texas","7085","613","001","Total population",
"1400000US48201430100","Census Tract 4301, Harris County, Texas","5549","533","001","Total population",
"1400000US48201431501","Census Tract 4315.01, Harris County, Texas","3741","483","001","Total population",
"1400000US48201521100","Census Tract 5211, Harris County, Texas","2402","382","001","Total population",
"1400000US48201342300","Census Tract 3423, Harris County, Texas","6345","521","001","Total population",
"1400000US48201410402","Census Tract 4104.02, Harris County, Texas","2721","463","001","Total population",
"1400000US48201532900","Census Tract 5329, Harris County, Texas","4677","458","001","Total population",
"1400000US48201241500","Census Tract 2415, Harris County, Texas","9325","1383","001","Total population",
"1400000US48201450600","Census Tract 4506, Harris County, Texas","4136","494","001","Total population",
"1400000US48201411700","Census Tract 4117, Harris County, Texas","2601","257","001","Total population",
"1400000US48201222900","Census Tract 2229, Harris County, Texas","7476","699","001","Total population",
"1400000US48201230700","Census Tract 2307, Harris County, Texas","2790","581","001","Total population",
"1400000US48201233400","Census Tract 2334, Harris County, Texas","2744","298","001","Total population",
"1400000US48201534203","Census Tract 5342.03, Harris County, Texas","1484","356","001","Total population",
"1400000US48201423201","Census Tract 4232.01, Harris County, Texas","2934","444","001","Total population",
"1400000US48201533701","Census Tract 5337.01, Harris County, Texas","6141","894","001","Total population",
"1400000US48201231800","Census Tract 2318, Harris County, Texas","2557","543","001","Total population",
"1400000US48201232900","Census Tract 2329, Harris County, Texas","7096","754","001","Total population",
"1400000US48201313700","Census Tract 3137, Harris County, Texas","2263","293","001","Total population",
"1400000US48201541800","Census Tract 5418, Harris County, Texas","5447","371","001","Total population",
"1400000US48201252301","Census Tract 2523.01, Harris County, Texas","8382","619","001","Total population",
"1400000US48201423000","Census Tract 4230, Harris County, Texas","6013","814","001","Total population",
"1400000US48201450400","Census Tract 4504, Harris County, Texas","4234","470","001","Total population",
"1400000US48201450700","Census Tract 4507, Harris County, Texas","6508","273","001","Total population",
"1400000US48201453601","Census Tract 4536.01, Harris County, Texas","1686","268","001","Total population",
"1400000US48201332600","Census Tract 3326, Harris County, Texas","6158","637","001","Total population",
"1400000US48201210600","Census Tract 2106, Harris County, Texas","5667","603","001","Total population",
"1400000US48201220400","Census Tract 2204, Harris County, Texas","4640","727","001","Total population",
"1400000US48201323300","Census Tract 3233, Harris County, Texas","3408","447","001","Total population",
"1400000US48201534002","Census Tract 5340.02, Harris County, Texas","5831","570","001","Total population",
"1400000US48201340100","Census Tract 3401, Harris County, Texas","3923","514","001","Total population",
"1400000US48201220800","Census Tract 2208, Harris County, Texas","2835","391","001","Total population",
"1400000US48201221600","Census Tract 2216, Harris County, Texas","9237","801","001","Total population",
"1400000US48201551900","Census Tract 5519, Harris County, Texas","4964","490","001","Total population",
"1400000US48201330800","Census Tract 3308, Harris County, Texas","7368","713","001","Total population",
"1400000US48201342900","Census Tract 3429, Harris County, Texas","5591","273","001","Total population",
"1400000US48201432802","Census Tract 4328.02, Harris County, Texas","5879","734","001","Total population",
"1400000US48201555600","Census Tract 5556, Harris County, Texas","4058","477","001","Total population",
"1400000US48201220200","Census Tract 2202, Harris County, Texas","2603","464","001","Total population",
"1400000US48201222402","Census Tract 2224.02, Harris County, Texas","5686","510","001","Total population",
"1400000US48201233003","Census Tract 2330.03, Harris County, Texas","2345","239","001","Total population",
"1400000US48201241400","Census Tract 2414, Harris County, Texas","8494","565","001","Total population",
"1400000US48201311500","Census Tract 3115, Harris County, Texas","7855","783","001","Total population",
"1400000US48201311800","Census Tract 3118, Harris County, Texas","4937","573","001","Total population",
"1400000US48201220100","Census Tract 2201, Harris County, Texas","2541","430","001","Total population",
"1400000US48201310800","Census Tract 3108, Harris County, Texas","2352","358","001","Total population",
"1400000US48201431201","Census Tract 4312.01, Harris County, Texas","4089","415","001","Total population",
"1400000US48201452400","Census Tract 4524, Harris County, Texas","7739","534","001","Total population",
"1400000US48201540800","Census Tract 5408, Harris County, Texas","7708","824","001","Total population",
"1400000US48201422702","Census Tract 4227.02, Harris County, Texas","3744","645","001","Total population",
"1400000US48201431401","Census Tract 4314.01, Harris County, Texas","2442","351","001","Total population",
"1400000US48201340302","Census Tract 3403.02, Harris County, Texas","7536","325","001","Total population",
"1400000US48201321600","Census Tract 3216, Harris County, Texas","6042","466","001","Total population",
"1400000US48201412100","Census Tract 4121, Harris County, Texas","1972","748","001","Total population",
"1400000US48201531900","Census Tract 5319, Harris County, Texas","4640","598","001","Total population",
"1400000US48201232402","Census Tract 2324.02, Harris County, Texas","4015","502","001","Total population",
"1400000US48201210100","Census Tract 2101, Harris County, Texas","6696","309","001","Total population",
"1400000US48201231500","Census Tract 2315, Harris County, Texas","2747","312","001","Total population",
"1400000US48201410401","Census Tract 4104.01, Harris County, Texas","3861","508","001","Total population",
"1400000US48201422301","Census Tract 4223.01, Harris County, Texas","6855","867","001","Total population",
"1400000US48201433003","Census Tract 4330.03, Harris County, Texas","4295","648","001","Total population",
"1400000US48201455101","Census Tract 4551.01, Harris County, Texas","6922","521","001","Total population",
"1400000US48201552400","Census Tract 5524, Harris County, Texas","6096","481","001","Total population",
"1400000US48201211500","Census Tract 2115, Harris County, Texas","7144","910","001","Total population",
"1400000US48201251000","Census Tract 2510, Harris County, Texas","2462","360","001","Total population",
"1400000US48201421000","Census Tract 4210, Harris County, Texas","2438","189","001","Total population",
"1400000US48201551100","Census Tract 5511, Harris County, Texas","10129","948","001","Total population",
"1400000US48201253300","Census Tract 2533, Harris County, Texas","3618","324","001","Total population",
"1400000US48201312300","Census Tract 3123, Harris County, Texas","1665","499","001","Total population",
"1400000US48201430800","Census Tract 4308, Harris County, Texas","4044","331","001","Total population",
"1400000US48201450802","Census Tract 4508.02, Harris County, Texas","5439","802","001","Total population",
"1400000US48201451602","Census Tract 4516.02, Harris County, Texas","7302","1420","001","Total population",
"1400000US48201454100","Census Tract 4541, Harris County, Texas","3328","342","001","Total population",
"1400000US48201551400","Census Tract 5514, Harris County, Texas","3732","542","001","Total population",
"1400000US48201554600","Census Tract 5546, Harris County, Texas","4851","312","001","Total population",
"1400000US48201233102","Census Tract 2331.02, Harris County, Texas","7156","554","001","Total population",
"1400000US48201432701","Census Tract 4327.01, Harris County, Texas","6135","594","001","Total population",
"1400000US48201333202","Census Tract 3332.02, Harris County, Texas","5213","560","001","Total population",
"1400000US48201350400","Census Tract 3504, Harris County, Texas","6081","489","001","Total population",
"1400000US48201251901","Census Tract 2519.01, Harris County, Texas","8571","730","001","Total population",
"1400000US48201521700","Census Tract 5217, Harris County, Texas","5935","786","001","Total population",
"1400000US48201554901","Census Tract 5549.01, Harris County, Texas","7429","748","001","Total population",
"1400000US48201323100","Census Tract 3231, Harris County, Texas","3024","387","001","Total population",
"1400000US48201451002","Census Tract 4510.02, Harris County, Texas","4762","671","001","Total population",
"1400000US48201550602","Census Tract 5506.02, Harris County, Texas","3617","450","001","Total population",
"1400000US48201231600","Census Tract 2316, Harris County, Texas","2732","559","001","Total population",
"1400000US48201252400","Census Tract 2524, Harris County, Texas","7652","913","001","Total population",
"1400000US48201322900","Census Tract 3229, Harris County, Texas","4054","489","001","Total population",
"1400000US48201341301","Census Tract 3413.01, Harris County, Texas","5373","673","001","Total population",
"1400000US48201341700","Census Tract 3417, Harris County, Texas","2485","412","001","Total population",
"1400000US48201221300","Census Tract 2213, Harris County, Texas","8777","969","001","Total population",
"1400000US48201253200","Census Tract 2532, Harris County, Texas","8535","584","001","Total population",
"1400000US48201433002","Census Tract 4330.02, Harris County, Texas","3895","549","001","Total population",
"1400000US48201451403","Census Tract 4514.03, Harris County, Texas","3479","514","001","Total population",
"1400000US48201342002","Census Tract 3420.02, Harris County, Texas","3351","201","001","Total population",
"1400000US48201520100","Census Tract 5201, Harris County, Texas","2175","412","001","Total population",
"1400000US48201330200","Census Tract 3302, Harris County, Texas","3117","511","001","Total population",
"1400000US48201332700","Census Tract 3327, Harris County, Texas","3061","398","001","Total population",
"1400000US48201253100","Census Tract 2531, Harris County, Texas","6926","457","001","Total population",
"1400000US48201230100","Census Tract 2301, Harris County, Texas","1782","467","001","Total population",
"1400000US48201320602","Census Tract 3206.02, Harris County, Texas","4568","643","001","Total population",
"1400000US48201210500","Census Tract 2105, Harris County, Texas","5009","594","001","Total population",
"1400000US48201452300","Census Tract 4523, Harris County, Texas","3087","321","001","Total population",
"1400000US48201541002","Census Tract 5410.02, Harris County, Texas","7551","496","001","Total population",
"1400000US48201422800","Census Tract 4228, Harris County, Texas","4339","675","001","Total population",
"1400000US48201552900","Census Tract 5529, Harris County, Texas","6202","439","001","Total population",
"1400000US48201332800","Census Tract 3328, Harris County, Texas","5186","647","001","Total population",
"1400000US48201333000","Census Tract 3330, Harris County, Texas","3905","476","001","Total population",
"1400000US48201241103","Census Tract 2411.03, Harris County, Texas","3685","502","001","Total population",
"1400000US48201251503","Census Tract 2515.03, Harris County, Texas","2229","155","001","Total population",
"1400000US48201430700","Census Tract 4307, Harris County, Texas","3242","263","001","Total population",
"1400000US48201451902","Census Tract 4519.02, Harris County, Texas","2831","281","001","Total population",
"1400000US48201533300","Census Tract 5333, Harris County, Texas","6433","825","001","Total population",
"1400000US48201534201","Census Tract 5342.01, Harris County, Texas","2229","411","001","Total population",
"1400000US48201332000","Census Tract 3320, Harris County, Texas","5917","608","001","Total population",
"1400000US48201232301","Census Tract 2323.01, Harris County, Texas","8978","922","001","Total population",
"1400000US48201511002","Census Tract 5110.02, Harris County, Texas","4853","491","001","Total population",
"1400000US48201323000","Census Tract 3230, Harris County, Texas","6061","620","001","Total population",
"1400000US48201450100","Census Tract 4501, Harris County, Texas","1556","149","001","Total population",
"1400000US48201323200","Census Tract 3232, Harris County, Texas","4628","479","001","Total population",
"1400000US48201411502","Census Tract 4115.02, Harris County, Texas","4396","414","001","Total population",
"1400000US48201421700","Census Tract 4217, Harris County, Texas","4817","423","001","Total population",
"1400000US48201556000","Census Tract 5560, Harris County, Texas","6862","623","001","Total population",
"1400000US48201311300","Census Tract 3113, Harris County, Texas","5850","511","001","Total population",
"1400000US48201431101","Census Tract 4311.01, Harris County, Texas","2595","292","001","Total population",
"1400000US48201431402","Census Tract 4314.02, Harris County, Texas","3513","328","001","Total population",
"1400000US48201522000","Census Tract 5220, Harris County, Texas","4086","610","001","Total population",
"1400000US48201532700","Census Tract 5327, Harris County, Texas","4552","687","001","Total population",
"1400000US48201334002","Census Tract 3340.02, Harris County, Texas","1880","524","001","Total population",
"1400000US48201341501","Census Tract 3415.01, Harris County, Texas","5757","393","001","Total population",
"1400000US48201240502","Census Tract 2405.02, Harris County, Texas","6041","778","001","Total population",
"1400000US48201310300","Census Tract 3103, Harris County, Texas","5201","571","001","Total population",
"1400000US48201220600","Census Tract 2206, Harris County, Texas","3630","624","001","Total population",
"1400000US48201250301","Census Tract 2503.01, Harris County, Texas","6714","644","001","Total population",
"1400000US48201252302","Census Tract 2523.02, Harris County, Texas","10706","627","001","Total population",
"1400000US48201313500","Census Tract 3135, Harris County, Texas","2248","426","001","Total population",
"1400000US48201332500","Census Tract 3325, Harris County, Texas","3164","400","001","Total population",
"1400000US48201232702","Census Tract 2327.02, Harris County, Texas","5332","962","001","Total population",
"1400000US48201531100","Census Tract 5311, Harris County, Texas","3035","238","001","Total population",
"1400000US48201533600","Census Tract 5336, Harris County, Texas","5841","505","001","Total population",
"1400000US48201322800","Census Tract 3228, Harris County, Texas","6569","706","001","Total population",
"1400000US48201423600","Census Tract 4236, Harris County, Texas","6964","666","001","Total population",
"1400000US48201433600","Census Tract 4336, Harris County, Texas","4537","672","001","Total population",
"1400000US48201454301","Census Tract 4543.01, Harris County, Texas","9779","920","001","Total population",
"1400000US48201532600","Census Tract 5326, Harris County, Texas","5554","672","001","Total population",
"1400000US48201342500","Census Tract 3425, Harris County, Texas","6055","432","001","Total population",
"1400000US48201433201","Census Tract 4332.01, Harris County, Texas","4656","493","001","Total population",
"1400000US48201454502","Census Tract 4545.02, Harris County, Texas","2445","192","001","Total population",
"1400000US48201410300","Census Tract 4103, Harris County, Texas","2891","360","001","Total population",
"1400000US48201452000","Census Tract 4520, Harris County, Texas","6385","626","001","Total population",
"1400000US48201221100","Census Tract 2211, Harris County, Texas","3766","563","001","Total population",
"1400000US48201222100","Census Tract 2221, Harris County, Texas","5358","476","001","Total population",
"1400000US48201431000","Census Tract 4310, Harris County, Texas","5258","418","001","Total population",
"1400000US48201432400","Census Tract 4324, Harris County, Texas","5300","706","001","Total population",
"1400000US48201540700","Census Tract 5407, Harris County, Texas","7539","563","001","Total population",
"1400000US48201552200","Census Tract 5522, Harris County, Texas","6747","463","001","Total population",
